source,asn_org,events,unique_ips
cowrie,TechTies Inc.,149813,54
cowrie,Banatsync Srl,51338,19
cowrie,Unmanaged Ltd,19906,18
cowrie,Techoff Srv Limited,10407,14
cowrie,Cyber Internet Services (Pvt) Ltd.,8948,83
cowrie,Veganet Teknolojileri ve Hizmetleri LTD STI,7920,1
cowrie,OVH SAS,6897,24
cowrie,CHINA UNICOM China169 Backbone,6363,55
cowrie,"Alibaba (US) Technology Co., Ltd.",5935,48
cowrie,Google LLC,5043,222
cowrie,TPx Communications,2841,1
cowrie,,2827,2
cowrie,CMPak Limited,2285,16
cowrie,netcup GmbH,2008,4
cowrie,Microsoft Corporation,1997,55
cowrie,SkyPass Solutions Sp. z.o.o.,1915,1
cowrie,UCLOUD INFORMATION TECHNOLOGY (HK) LIMITED,1666,16
cowrie,Telconet S.A,1528,2
cowrie,"DigitalOcean, LLC",1453,88
cowrie,Korea Telecom,1180,27
cowrie,"GoDaddy.com, LLC",1131,9
cowrie,Limited Network LTD,972,5
cowrie,MTS PJSC,918,17
cowrie,Net Aki Internet Ltda,902,1
cowrie,Alsycon B.V.,888,4
cowrie,Layer7 Networks GmbH,856,1
cowrie,Storm Industries LLC,646,10
cowrie,Contabo GmbH,560,9
cowrie,Multinet Broadband,540,5
cowrie,"Censys, Inc.",488,77
cowrie,Omegatech LTD,429,3
cowrie,Nasstec Airnet Networks Private Limited,402,3
cowrie,Vpsvault.host Ltd,401,8
cowrie,Chinanet,389,38
cowrie,Connect Communications,387,3
cowrie,C-ComTelecom Servios Ltda-ME,384,1
cowrie,Getlinks (SMC-Private) Limited,371,3
cowrie,Hurricane Electric LLC,371,66
cowrie,Data Communication Business Group,366,12
cowrie,"Amazon.com, Inc.",357,39
cowrie,Akamai Connected Cloud,354,33
cowrie,Digital Network S.r.l.,350,2
cowrie,Galaxy Broadband,340,4
cowrie,Rostelecom,327,59
cowrie,Crisp Enterprises,288,5
cowrie,HUAWEI CLOUDS,274,4
cowrie,SION S.A,270,120
cowrie,Nayatel (Pvt) Ltd,262,5
cowrie,PT Telekomunikasi Indonesia,262,10
cowrie,Login.Me (Pvt) Ltd,254,3
cowrie,"National Telecommunication Corporation HQ,",252,2
cowrie,AS401661,250,3
cowrie,VIET DIGITAL TECHNOLOGY LIABILITY COMPANY,248,2
cowrie,Hetzner Online GmbH,230,12
cowrie,Telecom Argentina S.A.,217,30
cowrie,SS-Net,206,5
cowrie,VNPT Corp,201,8
cowrie,"Hangzhou Alibaba Advertising Co.,Ltd.",195,25
cowrie,HostPapa,187,8
cowrie,Feo Prest SRL,182,3
cowrie,Cotel Ltda.,174,2
cowrie,EZ TECHNOLOGY COMPANY LIMITED,168,2
cowrie,Oracle Corporation,165,9
cowrie,Wancom (Pvt) Ltd.,161,4
cowrie,Hathway IP Over Cable Internet,158,3
cowrie,Public Telecommunication Corporation,151,1
cowrie,UNINET,151,8
cowrie,Mahanagar Telephone Nigam Limited,150,1
cowrie,ONYPHE SAS,148,47
cowrie,"Beijing Volcano Engine Technology Co., Ltd.",146,8
cowrie,National WiMAX/IMS environment,136,1
cowrie,ShenZhen Topway Video Communication Co. Ltd,136,1
cowrie,Viettel Group,134,6
cowrie,Viettel Corporation,128,3
cowrie,Connect Communication,127,2
cowrie,EMPRESA NACIONAL DE TELECOMUNICACIONES SOCIEDAD ANONIMA,126,4
cowrie,Aeza Group LLC,122,1
cowrie,PLAY BROADBAND (PRIVATE) LIMITED,122,2
cowrie,Verein zur Foerderung eines Deutschen Forschungsnetzes e.V.,120,1
cowrie,Anonet Network Private Limited,118,1
cowrie,China Telecom,118,3
cowrie,Cincinnati Bell Telephone Company LLC,118,1
cowrie,KK Networks (Pvt) Ltd.,118,2
cowrie,MUX BROADBAND (PRIVATE) LIMITED,118,1
cowrie,PJSC Moscow city telephone network,118,1
cowrie,PT. Jinom Network Indonesia,118,1
cowrie,S. B Link Network,118,1
cowrie,Telecom Malagasy,118,1
cowrie,Internap Holding LLC,112,1
cowrie,"Comcast Cable Communications, LLC",106,12
cowrie,YISU CLOUD LTD,101,3
cowrie,"CariNet, Inc.",100,14
cowrie,FPT Telecom Company,98,5
cowrie,Kingsoft cloud corporation limited,96,3
cowrie,Hydra Communications Ltd,94,36
cowrie,MEGALINK S.R.L.,94,2
cowrie,"The Constant Company, LLC",94,10
cowrie,Philippine Long Distance Telephone Company,93,7
cowrie,Joint Stock Company TransTeleCom,92,5
cowrie,Charter Communications Inc,90,17
cowrie,Limited Liability Company Sviaz Industriya,90,1
cowrie,Telefonica de Argentina,88,22
cowrie,Verda Cloud Oy,88,1
cowrie,Cipher Operations Doo Beograd - Novi Beograd,86,4
cowrie,Ethio Telecom,83,2
cowrie,CORPORACION NACIONAL DE TELECOMUNICACIONES - CNT EP,82,3
cowrie,"Beijing Baidu Netcom Science and Technology Co., Ltd.",79,6
cowrie,China Unicom Beijing Province Network,79,7
cowrie,"Tencent Building, Kejizhongyi Avenue",79,5
cowrie,Vodafone Net Iletisim Hizmetler AS,79,2
cowrie,Usman Internet Service Provider Private Limited,77,2
cowrie,"Leaseweb USA, Inc.",76,1
cowrie,IONOS SE,74,3
cowrie,Dedik Services Limited,73,2
cowrie,MIR INFO SYSTEMS LTD.,73,1
cowrie,Aire Networks Del Mediterraneo Sl Unipersonal,72,4
cowrie,Scaleway SAS,71,4
cowrie,Kenya Education Network,69,2
cowrie,Byteplus Pte. Ltd.,68,3
cowrie,Bangla Phone Ltd,66,1
cowrie,COMPUTADORES E SISTEMAS LTDA,66,1
cowrie,PT IndoDev Niaga Internet,66,1
cowrie,CTC. CORP S.A. (TELEFONICA EMPRESAS),63,2
cowrie,FUNDACAO DE AMPARO A PESQUISA DO ESTADO SAO PAULO,63,1
cowrie,Rethem Hosting LLC,63,16
cowrie,Space Exploration Technologies Corporation,62,12
cowrie,PUNTONET S.A.,61,3
cowrie,IDDQD-AS,59,16
cowrie,"Atria Convergence Technologies Ltd.,",58,1
cowrie,Telecentro S.A.,58,13
cowrie,"Sistemas Informaticos, S.A.",57,10
cowrie,"Beijing Tiantexin Tech. Co., Ltd.",56,4
cowrie,Biznet ISP,56,2
cowrie,CtrlS,56,1
cowrie,Extreme Broadband - Total Broadband Experience,56,1
cowrie,FIBERISH (PVT) LTD,56,10
cowrie,NSS S.A.,56,2
cowrie,Uzbektelekom Joint Stock Company,56,22
cowrie,DigitalLink Global Network Limited,54,2
cowrie,HanMing HK Limited,54,1
cowrie,TM TECHNOLOGY SERVICES SDN. BHD.,53,8
cowrie,PDR,51,2
cowrie,Vox Telecom Ltd,51,1
cowrie,BHARTI Airtel Ltd.,50,4
cowrie,Przedsiebiorstwo Produkcyjno-Handlowo-Uslugowe MAT-SAT telecom Tomasz Olech,50,1
cowrie,ALGAR TELECOM S/A,49,6
cowrie,CMC Telecom Infrastructure Company,49,2
cowrie,Gigabit Hosting Sdn Bhd,49,1
cowrie,Kyonix Networks Limited,49,1
cowrie,Oc Networks Limited,49,1
cowrie,"Charter Communications, Inc",48,6
cowrie,IP Volume inc,48,7
cowrie,Turk Telekom,48,12
cowrie,NOVA TELECOM LTDA,46,1
cowrie,ON EMPRESAS S.A.C.,46,2
cowrie,PT Mora Telematika Indonesia,45,2
cowrie,Zenlayer Inc,45,4
cowrie,Dinas Komunikasi dan Informatika Kabupaten Kediri,44,1
cowrie,HIEUVPS TECHNOLOGY COMPANY LIMITED,44,1
cowrie,Pishgaman Toseeh Ertebatat Company (Private Joint Stock),44,2
cowrie,Driftnet Ltd,42,7
cowrie,Imegh Private Limited,41,1
cowrie,A1 Bulgaria EAD,40,2
cowrie,"Nos Comunicacoes, S.A.",40,3
cowrie,PJSC MegaFon,40,4
cowrie,PT Sumber Data Indonesia,40,2
cowrie,Superonline Iletisim Hizmetleri A.S.,40,4
cowrie,VIETNAM POSTS AND TELECOMMUNICATIONS GROUP,40,2
cowrie,CHINANET Nanjing Jishan IDC network,39,1
cowrie,Law's Cloud Infrastructure Limited,39,1
cowrie,Play2go International Limited,39,1
cowrie,SEWAN SAS,39,1
cowrie,CAMTEL,38,1
cowrie,Link3 Technologies Ltd.,38,2
cowrie,Modat B.V.,38,15
cowrie,"Network Solutions, LLC",38,4
cowrie,Wind Tre S.p.A.,38,17
cowrie,AGOTOZ PTE. LTD.,37,4
cowrie,"AT&T Enterprises, LLC",37,7
cowrie,CHINATELECOM Jiangsu province Suzhou 5G network,37,2
cowrie,Netiface LLC,37,3
cowrie,Techtel LMDS Comunicaciones Interactivas S.A.,37,11
cowrie,Globalconnect As,36,1
cowrie,KDDI CORPORATION,36,4
cowrie,PJSC Telesystems of Ukraine,36,1
cowrie,Telenor Sverige AB,36,1
cowrie,Ucom CJSC,36,5
cowrie,ist Telekom Jv LLC,36,2
cowrie,Cablevision Systems Corp.,35,3
cowrie,Telmex Colombia S.A.,35,6
cowrie,WHG Hosting Services Ltd,35,4
cowrie,Converge ICT Solutions Inc.,34,3
cowrie,JSC Ukrtelecom,34,12
cowrie,Orange,34,6
cowrie,China Mobile communications corporation,33,6
cowrie,Cloud Viet Technology Company Limited,33,1
cowrie,Vic Grup SRL,33,1
cowrie,BRASIL TECPAR AMIGO AVATO,32,3
cowrie,BestDC Limited,32,1
cowrie,PT. Eka Mas Republik,32,2
cowrie,TELEFONICA CHILE S.A.,32,11
cowrie,Telenor Norge AS,32,1
cowrie,Airline Internet Solutions India Private Limited,31,1
cowrie,Telecel S.A.,31,2
cowrie,BDCOM Online Limited,30,1
cowrie,China Unicom Guangzhou network,30,1
cowrie,Church of Cyberology,30,5
cowrie,Contabo Asia Private Limited,30,1
cowrie,Ishan's Network,30,1
cowrie,JSC Mediasoft ekspert,30,1
cowrie,Megacore Technology Company Limited,30,1
cowrie,RouterHosting LLC,30,3
cowrie,Swissnet LLC,30,1
cowrie,Thamrin Telekomunikasi Network PT.,30,1
cowrie,Unified Layer,30,1
cowrie,Ascenty Data Centers e Telecomunicacoes S/A,29,2
cowrie,MOACK.Co.LTD,29,2
cowrie,Atria Convergence Technologies Pvt. Ltd. Broadband Internet Service Provider INDIA,28,1
cowrie,Digi Jadoo Broadband Ltd,28,1
cowrie,Diskominfo Kabupaten Trenggalek,28,1
cowrie,FALCON BROADBAND (PRIVATE) LIMITED,28,2
cowrie,LLC Vash Kredit Bank,28,5
cowrie,Netinternet Bilisim Teknolojileri AS,28,1
cowrie,TELUS Communications Inc.,28,4
cowrie,VTR BANDA ANCHA S.A.,28,8
cowrie,CHT Compamy Ltd,27,2
cowrie,"Comunicacoes Multimedia, Lda",27,1
cowrie,Linknet ASN,27,2
cowrie,Telmex Chile Internet S.A.,27,1
cowrie,Gigacloud LLC,26,2
cowrie,Ozkula Internet Hizmetleri Tic. LTD. STI.,26,1
cowrie,Powergrid Teleservices Limited,26,1
cowrie,TELEFONICA BRASIL S.A,26,9
cowrie,Ukrainian Telecommunication Group LLC,26,6
cowrie,Asmanfaraz Sepahan Company (P.J.S),25,1
cowrie,BIZNET NETWORKS,25,3
cowrie,Dialog Axiata PLC.,25,1
cowrie,ENTEL CHILE S.A.,25,3
cowrie,Hutchison Drei Austria GmbH,25,2
cowrie,JSC Buduschee,25,2
cowrie,NLS Kazakhstan LLC,25,2
cowrie,Pemerintah Kabupaten Bojonegoro,25,1
cowrie,Valence Technology Co.,25,4
cowrie,tianjin Mobile Communication Company Limited,25,1
cowrie,Charter Communications LLC,24,5
cowrie,Desktop Sigmanet Comunicacao Multimidia SA,24,3
cowrie,JSC ER-Telecom Holding,24,11
cowrie,LG POWERCOMM,24,2
cowrie,RPC HomeNet Ltd.,24,7
cowrie,MULTACOM CORPORATION,23,1
cowrie,Telefonica del Sur S.A.,23,2
cowrie,"Interconnecx, LLC",22,1
cowrie,M247 Europe SRL,22,3
cowrie,Myanma Posts and Telecommunications,22,6
cowrie,"Myanmar Country Co., Ltd.",22,5
cowrie,Private Joint Stock Company datagroup,22,2
cowrie,Telecom Armenia OJSC,22,2
cowrie,I Seven,21,1
cowrie,SIDI SERVICOS DE COMUNICACAO LTDA-ME,21,1
cowrie,Sai gon Postel Corporation,21,1
cowrie,Anton Levin,20,1
cowrie,BRMOM CONSTRUINDO CONEXOES LTDA,20,1
cowrie,Chsl One Ltd,20,1
cowrie,"Commercial Center,",20,1
cowrie,Connect Telecomunicacoes LTDA,20,1
cowrie,Content Delivery Network Ltd,20,9
cowrie,Dataline LLC,20,3
cowrie,Galaxy Communications,20,1
cowrie,HARNET LLC,20,1
cowrie,Host Africa (Pty) Ltd,20,1
cowrie,New Information Systems PP,20,7
cowrie,PT Deneva,20,1
cowrie,Red Data (Pvt.) Limited,20,1
cowrie,Retelit Digital Services S.p.A.,20,1
cowrie,SIXTH STAR TECHNOLOGIES,20,1
cowrie,TIM,20,5
cowrie,Telecom Algeria,20,3
cowrie,UFINET PANAMA S.A.,20,6
cowrie,Videotron Ltee,20,4
cowrie,Vivacom Bulgaria EAD,20,1
cowrie,WAVE PLUS INTERNET LTDA ME,20,1
cowrie,netplus.ch SA,20,1
cowrie,"CANTV Servicios, Venezuela",19,3
cowrie,China Unicom Shanghai network,19,2
cowrie,Claro NXT Telecomunicacoes Ltda,19,9
cowrie,R&R Managed Telecom Services,19,1
cowrie,SKN Subnet & Telecom Ltd,19,2
cowrie,UNIDATA S.p.A.,19,1
cowrie,ARTERIA Networks Corporation,18,1
cowrie,"FiberState, LLC",18,1
cowrie,GTR NET COMUNICACOES EIRELI,18,1
cowrie,IPLUS LLC,18,5
cowrie,Lanet Network Ltd,18,7
cowrie,"Moçambique Telecom, SA",18,1
cowrie,PT Seeplus Media Transformasi,18,1
cowrie,SSD Networks Limited,18,1
cowrie,cognetcloud INC,18,2
cowrie,Cable Onda,17,3
cowrie,"China Mobile Communications Group Co., Ltd.",17,5
cowrie,China Telecom (Group),17,3
cowrie,Datacamp Limited,17,2
cowrie,Deutsche Telekom AG,17,6
cowrie,"Interserver, Inc",17,1
cowrie,Office National des Postes et Telecommunications ONPT (Maroc Telecom) / IAM,17,6
cowrie,PT INDONESIA COMNETS PLUS,17,2
cowrie,PT. EXABYTES NETWORK INDONESIA,17,1
cowrie,TOT Public Company Limited,17,4
cowrie,UNIVERSITAS PARAMADINA,17,1
cowrie,WorldStream B.V.,17,3
cowrie,Yanoor Islam Khan,17,1
cowrie,CHINANET Liaoning province Dalian MAN network,16,1
cowrie,Cox Communications Inc.,16,4
cowrie,LLC Eksintech,16,6
cowrie,PT. NEWTON CIPTA INFORMATIKA,16,1
cowrie,Republican Unitary Telecommunication Enterprise Beltelecom,16,4
cowrie,UAB Cherry Servers,16,1
cowrie,Verizon Business,16,6
cowrie,X-City Ltd.,16,3
cowrie,5G NETWORK OPERATIONS PTY LTD,15,1
cowrie,AROSSCLOUD INC.,15,1
cowrie,Bangladesh Online Ltd.,15,2
cowrie,Bell Canada,15,5
cowrie,DAOU TECHNOLOGY,15,1
cowrie,DINAS KOMUNIKASI DAN INFORMATIKA KUTAI KARTANEGARA,15,1
cowrie,DINAS KOMUNIKASI INFORMATIKA DAN STATISTIK KOTA BLITAR,15,1
cowrie,Dinas Komunikasi dan Informatika Kota Balikpapan,15,1
cowrie,ICONA for IT and Telecom. LTD Co,15,1
cowrie,Malawi Research and Education Network - MAREN,15,1
cowrie,Mobile Communication Company of Iran PLC,15,1
cowrie,PT Quantum Tera Network,15,1
cowrie,RELIED S.A.S.,15,1
cowrie,SAINT ICT CONSULTANTS (PTY) LTD,15,1
cowrie,"SHINSEGAE I C Co., Ltd.",15,1
cowrie,Synapse Network LTD,15,1
cowrie,TIM S/A,15,1
cowrie,TTSL-ISP DIVISION,15,1
cowrie,Agence Tunisienne Internet,14,1
cowrie,British Telecommunications Limited,14,2
cowrie,CHINATELECOM Hubei province Wuhan 5G network,14,3
cowrie,INDOSAT Internet Network Provider,14,3
cowrie,IPV6 SRL,14,2
cowrie,LEVEL SEVEN SRL,14,3
cowrie,Liberty Communications of Puerto Rico LLC,14,2
cowrie,Pakistan Telecommunication Company Limited,14,4
cowrie,Parus-Telecom Ltd.,14,1
cowrie,Reliance Jio Infocomm Limited,14,6
cowrie,SK Broadband Co Ltd,14,3
cowrie,Shandong Mobile Communication Company Limited,14,7
cowrie,"TOTAL PLAY TELECOMUNICACIONES, S.A.P.I. DE C.V.",14,7
cowrie,Triple T Broadband Public Company Limited,14,3
cowrie,Virgin Media,14,5
cowrie,CPS,13,1
cowrie,FOP Kondratyuk Evgeniy Vladimirovich,13,2
cowrie,"Frontier Communications of America, Inc.",13,3
cowrie,GETCARD PROVEDORA DE TRANSACOES ELETRONICAS LTDA,13,1
cowrie,Globe Telecom Inc.,13,1
cowrie,Inq. Digital Limited,13,1
cowrie,Iran Telecommunication Company PJS,13,4
cowrie,"RapidScale, Inc",13,1
cowrie,CS LOXINFO PUBLIC COMPANY LIMITED,12,1
cowrie,Emirates Telecommunications Group Company (etisalat Group) Pjsc,12,2
cowrie,Fuzhou,12,1
cowrie,GVA Cote d'Ivoire SAS,12,5
cowrie,"Global Technology Co., Ltd.",12,2
cowrie,"Maxnet Telecom, Ltd",12,5
cowrie,PT Solusi Integra Datakom,12,2
cowrie,Palestine Telecommunications Company (PALTEL),12,2
cowrie,Play,12,2
cowrie,Route 95 LLC,12,2
cowrie,SPD Chernega Aleksandr Anatolevich,12,4
cowrie,Seokyung Cable Television Co.. Ltd.,12,1
cowrie,Shenzhen Tencent Computer Systems Company Limited,12,3
cowrie,Telefonica Germany,12,2
cowrie,Huawei Cloud Service data center,11,1
cowrie,A1 Hrvatska d.o.o.,10,3
cowrie,ADN Telecom Ltd.,10,1
cowrie,Agronet LLC,10,1
cowrie,BEN TELECOM,10,1
cowrie,BR.Digital Telecom,10,1
cowrie,Bach Kim Network solutions Join stock company,10,1
cowrie,Best Internet Solution Xk,10,1
cowrie,"Broadband VI, LLC",10,1
cowrie,CDZNET DATACENTER LTDA,10,1
cowrie,"COLUMBUS NETWORKS DOMINICANA, S.A.",10,1
cowrie,Centre de Calcul El Khawarizmi,10,1
cowrie,Compania Dominicana de Telefonos S. A.,10,1
cowrie,"DATACOM CARIBE, INC.",10,3
cowrie,"Eastern Telecoms Phils., Inc.",10,1
cowrie,Empresa Argentina de Soluciones Satelitales S.A.,10,2
cowrie,"Empresa de Telecomunicaciones de Cuba, S.A.",10,1
cowrie,Equinix (EMEA) Acquisition Enterprises B.V.,10,1
cowrie,GOSTARESH-E-ERTEBATAT-E MABNA COMPANY (Private Joint Stock),10,1
cowrie,Globe Telecoms,10,1
cowrie,Gmina Lublin,10,1
cowrie,Hebei Mobile Communication Company Limited,10,3
cowrie,"IDS Bangladesh. IP Transit provider. Dhaka, Bangladesh",10,1
cowrie,"INDO Internet, PT",10,1
cowrie,IPACCT CABLE Ltd,10,1
cowrie,ITS TELECOMUNICACOES LTDA,10,2
cowrie,Instituto Politecnico Nacional,10,5
cowrie,JSC Selectel,10,1
cowrie,KAGOYA JAPAN Inc.,10,1
cowrie,"Level 3 Parent, LLC",10,1
cowrie,M1 NET LTD,10,1
cowrie,Marcos Raniell Pinheiro Oliveira,10,1
cowrie,Maria Teresa Vivar (CITYCOM),10,1
cowrie,"Namecheap, Inc.",10,1
cowrie,Naukowa I Akademicka Siec Komputerowa - Panstwowy Instytut Badawczy,10,1
cowrie,Netnam Company,10,1
cowrie,Nextgen Communications Srl,10,1
cowrie,NhanHoa Software company,10,1
cowrie,Orange Espagne SA,10,2
cowrie,PT Beibi Cemerlang Indonesia,10,1
cowrie,PT DINAMIKA MEDIAKOM,10,1
cowrie,PT Solusi Data Cepat,10,1
cowrie,PT. Arana Teknologi Indonesia,10,1
cowrie,PT. Arthatama Adhiprima Persada,10,1
cowrie,PT. Beon Intermedia,10,1
cowrie,PT. Cloudata Indonesia,10,1
cowrie,PT. Cyberindo Aditama,10,2
cowrie,PT. Dutakom Wibawa Putra,10,1
cowrie,PT. INDONESIA BISNIS DIGITAL,10,1
cowrie,PT. Usaha Adisanggoro,10,1
cowrie,Rede Nacional de Ensino e Pesquisa,10,1
cowrie,SAKURA LTD.,10,1
cowrie,SBN-ISP/AWN-ISP and SBN-NIX/AWN-NIX,10,2
cowrie,SOCIETE NATIONALE DES TELECOMMUNICATIONS (Tunisie Telecom),10,2
cowrie,ST DIGITAL,10,1
cowrie,Scloud Pte Ltd,10,1
cowrie,Sesan Service Numerique De Sante Gcs,10,1
cowrie,TATA Communications formerly VSNL is Leading ISP,10,1
cowrie,TENET Scientific Production Enterprise LLC,10,4
cowrie,TRI TELECOM LTDA,10,1
cowrie,"Tele Globe Global, PT",10,1
cowrie,Teleglobal Communications Pvt Ltd,10,1
cowrie,"Television Internacional, S.A. de C.V.",10,2
cowrie,Turon Media XK,10,3
cowrie,UNIFIQUE TELECOMUNICACOES S/A,10,4
cowrie,V tal,10,5
cowrie,Vodacom,10,1
cowrie,VpsQuan L.L.C.,10,1
cowrie,Web Werks India Pvt. Ltd.,10,1
cowrie,"Widya Intersat Nusantara, PT",10,1
cowrie,Wowrack.com,10,1
cowrie,euNetworks GmbH,10,1
cowrie,Fastweb,9,3
cowrie,Latitude.sh LTDA,9,2
cowrie,Media Commerce Partners S.A,9,3
cowrie,SHYAM SPECTRA PVT LTD,9,1
cowrie,"Avatel Telecom, SA",8,2
cowrie,Branch Enterprise Netgroup-Service,8,2
cowrie,Breezeline,8,3
cowrie,"CenturyLink Communications, LLC",8,1
cowrie,Comium Gambia Ltd.,8,1
cowrie,DAF S. R. L.,8,2
cowrie,Empresa de Servicios de TV por Cable SA,8,1
cowrie,FLP Bogachenko Vasyl Valentinovich,8,1
cowrie,FO-P Gromov Evgeniy Viktorovich,8,4
cowrie,Free SAS,8,3
cowrie,Fzco,8,1
cowrie,GLOBALRADIO S.A.,8,2
cowrie,GlobalConnect AB,8,3
cowrie,Google Fiber Inc.,8,2
cowrie,IX Peering for Mobilink and Link Direct International.,8,2
cowrie,It-starcom LLC,8,1
cowrie,JSC Kazakhtelecom,8,4
cowrie,LATENCIA 0 SA,8,1
cowrie,"Limnet , LLC",8,2
cowrie,Maximum-Net LLC,8,1
cowrie,NForce Entertainment B.V.,8,1
cowrie,National Telecom Public Company Limited,8,1
cowrie,PVimpelCom,8,3
cowrie,Pfcloud UG (haftungsbeschrankt),8,3
cowrie,Procono S.A.,8,2
cowrie,Small Private Enterprise Kvant-II,8,2
cowrie,Societe Francaise Du Radiotelephone - SFR SA,8,1
cowrie,"Southern New England Telephone Company and SNET America, Inc.",8,2
cowrie,Starhub Ltd,8,1
cowrie,TELCAB ARGENTINA S.A,8,1
cowrie,TELESISTEMAS PENINSULARES SA DE CV,8,1
cowrie,TOPNET,8,2
cowrie,incomplast Service LLC,8,2
cowrie,"Another Corporate ISP, LLC",7,1
cowrie,Igra-service LLC,7,2
cowrie,International Hosting Company Limited,7,1
cowrie,LinkCom Networks LLC,7,1
cowrie,Moldtelecom SA,7,2
cowrie,Salt Mobile SA,7,1
cowrie,ACESSE WIFI,6,1
cowrie,"AMEREAM NJP, LLC",6,1
cowrie,Agni Systems Limited,6,1
cowrie,Alares Cabo Servicos de Telecomunicacoes S.A.,6,3
cowrie,Alexhost Srl,6,1
cowrie,Alpha Strike Labs GmbH,6,2
cowrie,Altima Telecom,6,1
cowrie,Argon Data Communication,6,1
cowrie,Binariang Berhad,6,3
cowrie,Binary Matrix BD,6,1
cowrie,COTELCAM,6,1
cowrie,Cablemas Telecomunicaciones SA de CV,6,3
cowrie,Cloud Computing Corporation,6,1
cowrie,Crystal Telecom Ltd,6,3
cowrie,DP AlNet,6,1
cowrie,Digi Spain Telecom S.A,6,2
cowrie,Dream Net Ltd,6,2
cowrie,ECUAFIBRA S.A.,6,2
cowrie,EWS DS Networks Inc,6,3
cowrie,Echotel Pty Ltd,6,1
cowrie,Ecuadortelecom S.A.,6,2
cowrie,Eir Broadband,6,1
cowrie,Ezee Fiber,6,1
cowrie,GOLDEN LINK,6,3
cowrie,GRUPO MULTICABLES DE CORTES S.R.L de C.V,6,1
cowrie,Gigabit-Online LLC,6,3
cowrie,HERO TELECOMS (PTY) LTD,6,2
cowrie,IFRANET S.A,6,1
cowrie,ISP/IXP IN CAMBODIA WITH THE BEST VERVICE IN THERE.,6,2
cowrie,JSC Silknet,6,1
cowrie,JSC Ufanet,6,3
cowrie,JV A-Mobile Ltd.,6,1
cowrie,LLC Inovatsiyni Telekomunikatsii,6,3
cowrie,LLC McLaut-Invest,6,3
cowrie,LLC best-link,6,2
cowrie,Limited Liability Company KYIVSKI TELEKOMUNIKATSIYNI MEREZHI,6,3
cowrie,MUSURIT,6,1
cowrie,Mauritanian Telecommunication Company,6,1
cowrie,Md. Shariful Islam T/A BRISK SYSTEMS,6,1
cowrie,MediaKvant Ltd.,6,1
cowrie,"Mega Cable, S.A. de C.V.",6,2
cowrie,Midcontinent Communications,6,1
cowrie,NET99 (PTY) LTD,6,2
cowrie,Nikolay Victorovich Kucheruk PE,6,1
cowrie,Novotelecom Ltd,6,3
cowrie,OBERCOM S.R.L.,6,2
cowrie,OTEnet S.A.,6,2
cowrie,Oasis Broadband Internet Pvt. Ltd.,6,1
cowrie,Omega Telecom LLC,6,2
cowrie,Orange Tunisie,6,1
cowrie,OuriNet TELECOM,6,1
cowrie,PE Bondar TN,6,1
cowrie,PE UAinet,6,3
cowrie,PP NVF Sistema i Tehnika,6,1
cowrie,PT. Telekomunikasi Selular,6,2
cowrie,Pacifico Cable SPA.,6,2
cowrie,Partner Communications Ltd.,6,2
cowrie,PebbleHost Ltd,6,1
cowrie,Pokhara Internet Pvt. Ltd.,6,1
cowrie,Reunicable SAS,6,2
cowrie,SDS-Vostok Ltd.,6,1
cowrie,SINERGY SOLUCIONES INTEGRALES,6,2
cowrie,SOLUTION LAN S.A,6,1
cowrie,SYSTEMA Ltd,6,1
cowrie,Saudi Telecom Company JSC,6,2
cowrie,Shaw Communications,6,1
cowrie,Sirius Vp LLC,6,1
cowrie,Stiftung Erneuerbare Freiheit,6,1
cowrie,StormyCloud Inc,6,1
cowrie,Svorka AS,6,1
cowrie,TLINK SPA,6,1
cowrie,TPG Telecom Limited,6,1
cowrie,Telium Telecomunicacoes Ltda,6,1
cowrie,UAB Host Baltic,6,1
cowrie,UNE EPM TELECOMUNICACIONES S.A.,6,2
cowrie,VIJIJI CONNECT LIMITED,6,3
cowrie,Vodafone Libertel B.V.,6,1
cowrie,Vodafone Spain,6,3
cowrie,23M GmbH,5,1
cowrie,ADISTA SAS,5,1
cowrie,Algerian Academic Research Network,5,1
cowrie,AmberIT Limited,5,1
cowrie,Amnet Telecomunicaciones S.A.,5,1
cowrie,"Bangladesh Telecommunications Company Limited (BTCL), Nationwide PSTN Operator and Data and ",5,1
cowrie,Bashinskii Vadim Ruslanovich,5,1
cowrie,Beanfield Technologies Inc.,5,1
cowrie,Broadband Botswana Internet,5,1
cowrie,CTINET SOLUCOES EM CONECTIVIDADE E INFORMATICA LTD,5,1
cowrie,Coelho Tecnologia,5,1
cowrie,Dimension Data,5,1
cowrie,Diskominfo Kabupaten Humbang Hasundutan,5,1
cowrie,EVEO S.A.,5,1
cowrie,Elxer Communications Private Limited,5,1
cowrie,Emirates Integrated Telecommunications Company PJSC,5,1
cowrie,FAB FIVE NETWORK PRIVATE LIMITED,5,1
cowrie,Freedom Data Centers LLP,5,1
cowrie,Ipunet Telecomunicacoes Ltda,5,1
cowrie,Italnet Telecomunicacoes Ltda,5,1
cowrie,Jl. Raya Pasar Minggu no 99D,5,1
cowrie,Limited Liability Company best Solutions,5,1
cowrie,"NTT DOCOMO BUSINESS,Inc.",5,1
cowrie,OOO WestCall Ltd.,5,1
cowrie,Odido Netherlands B.V.,5,1
cowrie,PE Skurykhin Mukola Volodumurovuch,5,1
cowrie,PT Cyberindo Aditama,5,1
cowrie,PT INTER MEDIALINK SOLUSI,5,1
cowrie,PT Remala Abadi,5,1
cowrie,"PTO Videokanal, Ltd.",5,1
cowrie,Pjsc tattelecom,5,2
cowrie,R. COSTA DO NASCIMENTO,5,1
cowrie,SOC. COMERCIAL WIRENET CHILE LTDA.,5,1
cowrie,Tata Teleservices ISP AS,5,1
cowrie,UIH,5,1
cowrie,Universal Telecom S.A.,5,1
cowrie,Volia-Cable LLC,5,1
cowrie,fastCLOUD,5,1
cowrie,Administracion Nacional de Telecomunicaciones,4,2
cowrie,Aria Shatel PJSC,4,1
cowrie,Baykov Ilya Sergeevich,4,1
cowrie,"Bharti Airtel Ltd., Telemedia Services",4,1
cowrie,CLARO S.A.,4,1
cowrie,COMPANIA DE CIRCUITOS CERRADOS S.A.,4,1
cowrie,COOP. ELECTRICA Y DE SERVICIOS MARIANO MORENO LTDA.,4,1
cowrie,Cable & Wireless Panama,4,1
cowrie,Cellcom Fixed Line Communication L.P,4,2
cowrie,ColocaTel Inc.,4,1
cowrie,Companhia Itabirana Telecomunicacoes Ltda,4,1
cowrie,Consumer Internet Cooperative PG-19,4,2
cowrie,Cooperativa Telefonica de Abasto,4,1
cowrie,Cooperativa de Electricidad y Servicios Publicos de Arroyito Ltda,4,1
cowrie,Corporacion Telemic C.A.,4,2
cowrie,DIAZ MARCELA ALEJANDRA(PATAGONIA DIGITAL),4,1
cowrie,Davydov Vladimir Dmitrievich,4,1
cowrie,Digicel Jamaica,4,1
cowrie,"ELS Telecom, LTD",4,1
cowrie,Et Veselin Jelqzkov,4,1
cowrie,FE-NET REDES INHALAMBRICAS S.R.L,4,1
cowrie,FLYNET SRL,4,1
cowrie,Fidelity Communication International Inc.,4,1
cowrie,G2G COM PROD ELETRO E SERV LTDA,4,2
cowrie,GTHost,4,1
cowrie,GUAJIRANET ISP S.A.S.,4,2
cowrie,"Generacion Tecnologica De Comunicaciones, Sociedad Limitada.",4,1
cowrie,Gimenez Pedro Santiago (Clorindaconectada),4,1
cowrie,Global Platinum Solutions (Pty) Ltd,4,1
cowrie,Global Technologies of Ukraine LLC,4,2
cowrie,Gorodskie Telekommunikatsionnye Sistemy LLC,4,1
cowrie,Guyana Telephone & Telegraph Co.,4,2
cowrie,HERNAN GALEANO KIM (HERKIM - SOLUCIONES TECNOLOGICAS),4,1
cowrie,HKT Limited,4,2
cowrie,Hostkey B.v.,4,1
cowrie,IENTC S DE RL DE CV,4,1
cowrie,IN CABLE INTERNET (PRIVATE) LIMITED,4,1
cowrie,INTERNET CORDOBA S.A.S,4,1
cowrie,Informatica Fuentealbilla S.l.,4,1
cowrie,Infosport SA,4,1
cowrie,Istec Ukraine LLC,4,1
cowrie,Joint stock company For,4,2
cowrie,Jordanian mobile phone services Ltd,4,2
cowrie,Jsc Balticom,4,2
cowrie,K-telekom LLC,4,2
cowrie,Kaluska informatsiyna merezha LLC,4,1
cowrie,"Kintetsu Cable Network Co., Ltd.",4,1
cowrie,Kurdistan Net Company for Computer and Internet Ltd.,4,1
cowrie,LG DACOM Corporation,4,2
cowrie,LLC Cifrovie Seti Urala,4,1
cowrie,LLC Electron-sevlush,4,2
cowrie,LLC Lana-it,4,2
cowrie,LLC avanta Telecom,4,2
cowrie,Lantrace LLC,4,2
cowrie,Logon Broadband Pvt. Limited,4,1
cowrie,MAXKO d.o.o.,4,1
cowrie,MEGADATA-ISP,4,1
cowrie,Magticom Ltd.,4,2
cowrie,Makedonski Telekom AD-Skopje,4,2
cowrie,Mediacom Communications Corp,4,1
cowrie,NYSS,4,1
cowrie,"ONATEL (Office National des Telecommunications, PTT)",4,1
cowrie,Omskie kabelnye seti Ltd.,4,1
cowrie,Orange Burkina Faso,4,2
cowrie,Outremer Telecom SAS,4,2
cowrie,Overseas Technologies LLC,4,1
cowrie,"P.P.U.H. INTERPLUS M.Mrozek, R.Wozniak Sp. J.",4,1
cowrie,PEMERINTAH KABUPATEN TEMANGGUNG,4,1
cowrie,PJSC Bashinformsvyaz,4,2
cowrie,PP Scientific-industrial enterprise 'Leokom',4,2
cowrie,PROLUX COMSER S.A.,4,1
cowrie,PT Arta Flash Sintesa Nusantara,4,1
cowrie,PT Mitra Lintas Multimedia,4,1
cowrie,PT XL Axiata Tbk,4,2
cowrie,Power VT S.A.,4,1
cowrie,PrJSC VF UKRAINE,4,2
cowrie,RIO CABLE TELECOM LTDA,4,2
cowrie,Roberto Keller - ME,4,1
cowrie,SEPCOM COMUNICACIONES SAS,4,1
cowrie,SOFTNET d.o.o.,4,1
cowrie,SOL TELECOMUNICACIONES S.A.,4,1
cowrie,Sara Networking System,4,1
cowrie,Sergey Kus,4,2
cowrie,Shereverov Marat Ahmedovich,4,1
cowrie,Sibirskie Seti Ltd.,4,1
cowrie,Singtel Fibre Broadband,4,2
cowrie,Smart Online,4,2
cowrie,Southern Telecommunication Company Ltd.,4,1
cowrie,Start Communications,4,2
cowrie,Syrian Telecommunication Private Closed Joint Stock Company,4,2
cowrie,"T-Mobile USA, Inc.",4,2
cowrie,TRK Cable TV LLC,4,1
cowrie,TV Company Black Sea Ltd,4,2
cowrie,Tele.Co.Albania SHPK,4,2
cowrie,Therecom Ltd,4,2
cowrie,Toroptsev Igor,4,1
cowrie,Traditional LLC,4,2
cowrie,True Online,4,2
cowrie,UltraTelecom Provedora de Internet,4,1
cowrie,Uninet LLC,4,2
cowrie,Unitary enterprise A1,4,2
cowrie,Vexus Fiber,4,1
cowrie,Viaband Telecomunicacao Ltda,4,1
cowrie,WI-NET TELECOM S.A.C.,4,1
cowrie,West-TV LLC,4,2
cowrie,Yuriichuk Vatalii,4,2
cowrie,ZAAZ PROVEDOR DE INTERNET E TELECOMUNICACOES LTDA,4,2
cowrie,ZN DIGITAL PALOTINA LTDA ME,4,1
cowrie,velia.net Internetdienste GmbH,4,1
cowrie,JT TELECOM INTERNATIONAL PTE.LTD.,3,1
cowrie,MMER Provedor de Internet Ltda - ME,3,1
cowrie,RACK SPHERE HOSTING S.A.,3,1
cowrie,Wifmax S.A de C.V.,3,1
cowrie,ADS Myanmar Company Limited,2,1
cowrie,AIS Fibre,2,1
cowrie,ALL KEYS COMERCIO DE EQUIPAMENTOS DE INFORMATICA L,2,1
cowrie,ANA PAULA SANTOS DE AMORIM - ME,2,1
cowrie,ASSOCIACAO NACIONAL PARA INCLUSAO DIGITAL - ANID,2,1
cowrie,Abdurakhmanov Magomed Zikrulaevich,2,1
cowrie,Acelera Telecom,2,1
cowrie,Antbox Networks Limited,2,1
cowrie,Apt Cable Shpk,2,1
cowrie,Artennet Comunicacoes Ltda - Me,2,1
cowrie,Aussie Broadband,2,1
cowrie,Awaser Oman LLC,2,1
cowrie,Aztelekom LLC,2,1
cowrie,BANTEL SAC,2,1
cowrie,BCI Telecommunication & Advanced Technology Company,2,1
cowrie,BKHOST TECHNOLOGY VIETNAM JOINT STOCK COMPANY,2,1
cowrie,BLINE LLC,2,1
cowrie,BTT TELECOMUNICACOES S.A.,2,1
cowrie,Bertram Communications LLC,2,1
cowrie,Bezeq- THE ISRAEL TELECOMMUNICATION CORP. LTD.,2,1
cowrie,Big comercio de equipamentos de informatica ltda,2,1
cowrie,Biletik-Onlain LTD,2,1
cowrie,Bouygues Telecom SA,2,1
cowrie,CABLE Y TELECOMUNICACIONES DE COLOMBIA S.A.S (CABLETELCO),2,1
cowrie,CABLECOLOR S.A.,2,1
cowrie,CAS TELECOMUNICACOES EIRELI,2,1
cowrie,CD TELECOMUNICACOES LTDA,2,1
cowrie,CEARA NET FIBRA LTDA,2,1
cowrie,CHP Shmatko Sergey Leonidovic,2,1
cowrie,COLOMBIA TELECOMUNICACIONES S.A. ESP BIC,2,1
cowrie,CONECT TELECOM,2,1
cowrie,CONNECT TELECOMUNICACOES FIBRA OPTICA LTDA,2,1
cowrie,"CORPORACION FIBEX TELECOM, C.A.",2,1
cowrie,Cablenet Communication Systems plc,2,1
cowrie,Canal + Telecom SAS,2,1
cowrie,Centr Servisnogo Oblslugovuvannya Ltd,2,1
cowrie,China Mobile Hong Kong Company Limited,2,1
cowrie,"Columbus Networks USA, Inc.",2,1
cowrie,Com NT TELECOM LTDA - ME,2,1
cowrie,Comfort XXI Century Ltd.,2,1
cowrie,Companhia de Telecomunicacoes de Macau SARL,2,1
cowrie,Computer Service LLC,2,1
cowrie,Connect LLC,2,1
cowrie,Convergence Group (Wireless) Networks Limited,2,1
cowrie,Cooperativa Telefonica Del Viso,2,1
cowrie,DB3 SERVICOS DE TELECOMUNICACOES S.A,2,1
cowrie,DIGITAL DESIGN SERVICOS DE TELECOMUNICACOES EIRELI,2,1
cowrie,DODOLINK INTERNACIONAL SRL,2,1
cowrie,DTEL TELECOM,2,1
cowrie,Delta Networks,2,1
cowrie,Delta Telecom Ltd,2,1
cowrie,Dianet Ltd.,2,1
cowrie,Distributel Communications Limited,2,1
cowrie,Donbass Electronic Communications Ltd.,2,1
cowrie,ELDA SALERNO(FULLNET),2,1
cowrie,ETISALAT MISR,2,1
cowrie,EZEQUIEL DOS SANTOS ALVES - INTERNET,2,1
cowrie,EastLink,2,1
cowrie,Ellijay Telephone Company,2,1
cowrie,Everest Tv And Radio Company LLC,2,1
cowrie,Eweka Internet Services B.V.,2,1
cowrie,Execulink Telecom Inc.,2,1
cowrie,F-COM LLC,2,1
cowrie,FASTNET DATA INC,2,1
cowrie,FIBERNET,2,1
cowrie,FIX FIBRA TELECOMUNICACOES LTDA,2,1
cowrie,FOP Hordiiuk Petro Vasulyovuch,2,1
cowrie,FOP Petrushenko Sergiy Petrovich,2,1
cowrie,FULL DATA COMUNICACIONES C.A.,2,1
cowrie,Fasttelekom Ltd.,2,1
cowrie,FiberPon telecom,2,1
cowrie,Fnet LLC,2,1
cowrie,Foton Company Ltd,2,1
cowrie,GBATELECOM LTDA,2,1
cowrie,GGNET TELECOMUNICACOES LTDA,2,1
cowrie,GOLD DATA USA INC,2,1
cowrie,GOOFIBER TELECOM,2,1
cowrie,Global Broadband Solution Inc,2,1
cowrie,HCN Dongjak,2,1
cowrie,"HIVELOCITY, Inc.",2,1
cowrie,HUGHES TELECOMUNICACOES DO BRASIL LTDA.,2,1
cowrie,"Hargray Communications Group, Inc.",2,1
cowrie,INNOR Ltd.,2,1
cowrie,INSTATEL SERVICOS ELETRONICOS LTDA,2,1
cowrie,ISP Shtorm LTD,2,1
cowrie,ITANET PONTO COM LTDA,2,1
cowrie,IncoNet Data Management sal,2,1
cowrie,Individual Entrepreneur Antipov Andrey Vyacheslavovich,2,1
cowrie,Infomir LLC,2,1
cowrie,Inter-Kam Ltd.,2,1
cowrie,InterSoft Internet Software EIRELI,2,1
cowrie,Intercol Serv de Aux a Internet eireli Me,2,1
cowrie,It-invest Ltd,2,1
cowrie,J E Provedor de Rede de Comunicacao Ltda,2,1
cowrie,"JAB Wireless, INC.",2,1
cowrie,"JCOM Co., Ltd.",2,1
cowrie,JSC Alma Telecommunications,2,1
cowrie,JSC Elektrosvyaz,2,1
cowrie,Joint Stock Company Tyvasviazinform,2,1
cowrie,Jsc Kvant-telekom,2,1
cowrie,Jusan Mobile JSC,2,1
cowrie,KabelszatNet-2002. Musoreloszto es Kereskedelmi Kft.,2,1
cowrie,KaspNet Ltd.,2,1
cowrie,Kazakov Viktor Aleksandrovich,2,1
cowrie,Kumho Cable,2,1
cowrie,Kyiv Optic Networks ltd,2,1
cowrie,Kyivstar PJSC,2,1
cowrie,LG HelloVision Corp.,2,1
cowrie,LLC DataNet ISP,2,1
cowrie,LLC Global Telecom Co,2,1
cowrie,LLC Powernet,2,1
cowrie,LLC Rocket Telecom,2,1
cowrie,LLC Service Telecom,2,1
cowrie,LLS Regional TeleSystems,2,1
cowrie,Letit LLC,2,1
cowrie,Life Tecnologia Ltda.,2,1
cowrie,LikeNet LLC,2,1
cowrie,Limited Liability Company internet Service Provider mega,2,1
cowrie,Ltd Maxima,2,1
cowrie,Ltd itlux,2,1
cowrie,MAGNA BATISTA DE SOUZA - ME,2,1
cowrie,MAKRONET CONSULTING TECNOLOGIA E INFORMATICA LIMITADA,2,1
cowrie,MAYARA MARQUES FIGUEIREDO MANUTENCAO EIRELI,2,1
cowrie,MHNET TELECOM,2,1
cowrie,MICRON LINE SERVICOS DE INFORMATICA LTDA - ME,2,1
cowrie,MTN SA,2,1
cowrie,MULTICABLE DE HONDURAS,2,1
cowrie,Manufacturing-Technical company System Design LLC,2,1
cowrie,Melita Limited,2,1
cowrie,Millenicom Telekomunikasyon Hizmetleri Anonim Sirketi,2,1
cowrie,Multisystem Technologies Ltd.,2,1
cowrie,"Myanmar Broadband Telecom Co., Ltd",2,1
cowrie,NET FIBRA EMPRESAS LTDA,2,1
cowrie,NETLINE TELECOM,2,1
cowrie,NETSTAR SOLUCOES LTDA,2,1
cowrie,NTT-ME Corporation,2,1
cowrie,Nasteka Maksim Viktorovich,2,1
cowrie,National Internet Backbone,2,1
cowrie,Neo-Telecom Plus Ltd.,2,1
cowrie,Nest LLC,2,1
cowrie,NetCintra Telecomunicacoes Ltda.,2,1
cowrie,Nisatel LTD,2,1
cowrie,"O2 Business Services, a.s",2,1
cowrie,OJSC Kyrgyztelecom,2,1
cowrie,ONATI,2,1
cowrie,ONE TELECOM ltd,2,1
cowrie,OOO IT-Region,2,1
cowrie,OOO NI,2,1
cowrie,OOREDOO TUNISIE SA,2,1
cowrie,OPTAGE Inc.,2,1
cowrie,ORANGE LLC,2,1
cowrie,Ooo lugalink,2,1
cowrie,Optimum,2,1
cowrie,Orange Côte d'Ivoire,2,1
cowrie,Orion Telecom LLC,2,1
cowrie,PACIFIC MOBILE TELECOM,2,1
cowrie,PC Astra-net,2,1
cowrie,PCCW IMS Ltd (PCCW Business Internet Access),2,1
cowrie,PE Dyatlov Sergey Vladimirovich,2,1
cowrie,PE Shtanhret Taras Orestovych,2,1
cowrie,PE Tsibrankov Konstantin Igorevich,2,1
cowrie,PE Zinstein Hariton Vladimirovich,2,1
cowrie,PLIM TELECOMUNICACOES LTDA-ME,2,1
cowrie,PP Euronet,2,1
cowrie,PP KOM i TEX,2,1
cowrie,PP Neiron Systems,2,1
cowrie,PT Core Digital Network,2,1
cowrie,PT Mayatama Solusindo,2,1
cowrie,PT. Java Digital Nusantara,2,1
cowrie,PTRC-VIZIT,2,1
cowrie,Paratus Telecommunications Limited,2,1
cowrie,Petersburg Internet Network ltd.,2,1
cowrie,Pitline Ltd,2,1
cowrie,Polli Telecom,2,1
cowrie,Pushkar Inna Mykolaivna,2,1
cowrie,Quicknet LLC,2,1
cowrie,"R Cable y Telecable Telecomunicaciones, S.A.U.",2,1
cowrie,REDE GAMA TELECOM,2,1
cowrie,REDE WORKS TELECOM,2,1
cowrie,RTC Communications,2,1
cowrie,Rachamim Aviel Twito,2,1
cowrie,Regie Municipale D'electricite De Creutzwald,2,1
cowrie,Respina Networks & Beyond PJSC,2,1
cowrie,Rio Grande Tecnologia e Comunic Multimidia Ltda,2,1
cowrie,Royal Company Infinity LTDA,2,1
cowrie,RperezNet,2,1
cowrie,SANTA CRUZ AUGUSTO JULIAN (SONYTEL),2,1
cowrie,SCM EVOLUTT CONNECT LTDA,2,1
cowrie,SCON FIBRAS,2,1
cowrie,SE-CONNECT INTERNET BANDA LARGA LTDA ME,2,1
cowrie,"SEOCHO CABLE SYSTEMS CO., LTD.",2,1
cowrie,SHREENET,2,1
cowrie,SPEEDNET CR,2,1
cowrie,STE AFRICELL RDC SPRL,2,1
cowrie,SUPER REDES S.A.S,2,1
cowrie,Saero Network Service LTD,2,1
cowrie,Safaricom Limited,2,1
cowrie,Scientific-Production Enterprise Information Technologies Ltd,2,1
cowrie,"Securitytrails, LLC",2,1
cowrie,Servicos De Comunicacoes E Multimedia S.A.,2,1
cowrie,Shchurov Mikhail Yurievich,2,1
cowrie,Skyline Electronics Ltd.,2,1
cowrie,Sol Cablevision S.A.S E.S.P,2,1
cowrie,Speed Servicos de Internet Ltda,2,1
cowrie,Speednet Unique Network Pvt Ltd,2,1
cowrie,Spetsnet LLC,2,1
cowrie,Sri Lanka Telecom Internet,2,1
cowrie,StarNet Solutii SRL,2,1
cowrie,"Subisu Cablenet (Pvt) Ltd, Baluwatar, Kathmandu, Nepal",2,1
cowrie,Super On Telecom,2,1
cowrie,T-Mobile Polska S.A.,2,1
cowrie,TASCOM TELECOMUNICACOES LTDA,2,1
cowrie,TECNO ARG COM S. R. L.,2,1
cowrie,TELECOM CORDEIROPOLIS LTDA - ME,2,1
cowrie,"TELECOMUNICACIONES DE GUATEMALA, SOCIEDAD ANONIMA",2,1
cowrie,TELEKOM SRBIJA a.d.,2,1
cowrie,TELEVISION POR CABLE COCATEVE S.A. (GRUPO COCAVISION),2,1
cowrie,"THUNDERNET, C.A.",2,1
cowrie,TOV Kompjuternie Merezhi,2,1
cowrie,TOV TRK Briz,2,1
cowrie,TV COLOMBIA DIGITAL SAS,2,1
cowrie,TV MUSIC HOUSE JUJUY,2,1
cowrie,TVAC TV ANTENA COMUNITARIA LTDA EPP,2,1
cowrie,TVCOM Ltd.,2,1
cowrie,"Taiwan Mobile Co., Ltd.",2,1
cowrie,Tamatiya EOOD,2,1
cowrie,Telecabel Plc,2,1
cowrie,Telecommunication Company Kama - Link LLC.,2,1
cowrie,Telecommunications de Haiti (Teleco),2,1
cowrie,Telecomunikatsiina Companiya Ltd,2,1
cowrie,Telecomv4 LLC,2,1
cowrie,Teledifusora S.A.,2,1
cowrie,Telefonica De Espana S.a.u.,2,1
cowrie,Teleradiocompany Discovery Ltd.,2,1
cowrie,"Television, Telephony, Internet of Ukraine Ltd.",2,1
cowrie,Telia Eesti AS,2,1
cowrie,"Telia Lietuva, AB",2,1
cowrie,Terasyst Ltd,2,1
cowrie,TomGate LLC,2,1
cowrie,Too b-tel,2,1
cowrie,TopCom Ltd.,2,1
cowrie,Totalnet LLC,2,1
cowrie,Trans Ocean Network,2,1
cowrie,Tucuman BBS S.R.L.,2,1
cowrie,UFINET BRASIL S.A.,2,1
cowrie,UnderNet LLC,2,1
cowrie,Unetco Ltd.,2,1
cowrie,Uniontel Ltd,2,1
cowrie,VARIAX SERVICOS DE INTERNET LTDA,2,1
cowrie,VBS TECNOLOGIA LTDA,2,1
cowrie,VERO S.A,2,1
cowrie,VEXNET TELECON INFORMATICA LTDA,2,1
cowrie,VIACONNECT PROVEDOR DE INTERNET BANDA LARGA LTDAME,2,1
cowrie,VUELATECHNOLOGY S.A.S.,2,1
cowrie,Vectra S.A.,2,1
cowrie,Vodafone Limited,2,1
cowrie,"Vodafone Ono, S.A.",2,1
cowrie,W-LINK LLC,2,1
cowrie,WANTEL TECNOLOGIA LTDA. EPP,2,1
cowrie,WICORP SA,2,1
cowrie,WIKINET TELECOMUNICACOES,2,1
cowrie,WNet Internet y Hosting,2,1
cowrie,Waling Internet Pvt. Ltd.,2,1
cowrie,WideOpenWest Finance LLC,2,1
cowrie,WildPark Co,2,1
cowrie,"XINWEI INTELCOM.NIC, S.A.",2,1
cowrie,kbro CO. Ltd.,2,1
cowrie,lazernet.com.br ltda me,2,1
cowrie,newnet LLC,2,1
cowrie,radio-link Smart LLC,2,1
cowrie,"tzulo, inc.",2,1
cowrie,Chongqing Telecom,1,1
heralding,Contabo GmbH,930989,36
heralding,HostPapa,15063,25
heralding,BattleHost,12907,11
heralding,LG POWERCOMM,7215,3
heralding,LG DACOM Corporation,5644,3
heralding,"Nos Comunicacoes, S.A.",4928,1
heralding,Data Communication Business Group,4304,5
heralding,Korea Telecom,3875,2
heralding,CoreNET Inc.,3435,5
heralding,Vodafone Data,3135,1
heralding,Storm Industries LLC,2716,1
heralding,VIETNAM DIGITAL INFRASTRUCTURE JOINT STOCK COMPANY,2704,1
heralding,AdminVPS OOO,2309,6
heralding,Hostpro Lab LLC,1926,3
heralding,CNSERVERS LLC,1894,3
heralding,OVH SAS,1852,3
heralding,Ihor Hosting Ltd,1774,1
heralding,NetLab Global,1763,1
heralding,Connect Communications,1675,1
heralding,Omegatech LTD,1637,1
heralding,UAB Bacloud,1450,1
heralding,Infinivan Incorporated,1289,1
heralding,Gigabit Hosting Sdn Bhd,1159,2
heralding,Virgin Media,1121,1
heralding,Spartan Host Ltd,1117,3
heralding,Hosteons Pte. Ltd.,1084,2
heralding,MEVSPACE sp. z o.o.,1075,1
heralding,Atlas Networks Corporation,1000,1
heralding,Fastweb,940,2
heralding,Host Sailor Ltd,825,1
heralding,xTom Japan Corporation,806,3
heralding,IDIGITALCAMP WEB SERVICES,801,1
heralding,velia.net Internetdienste GmbH,767,1
heralding,Space Exploration Technologies Corporation,760,1
heralding,Alexhost Srl,739,1
heralding,M247 Europe SRL,728,3
heralding,PT Industri Kreatif Digital,707,2
heralding,CS LOXINFO Public Company Limited.,698,1
heralding,"AT&T Enterprises, LLC",682,1
heralding,CHINANET Hubei province network,625,1
heralding,Wave Broadband,528,1
heralding,PT Telekomunikasi Indonesia,511,3
heralding,"Yuan-Jhen Info., Co., Ltd",487,1
heralding,Sharktech,467,1
heralding,Tier.Net Technologies LLC,462,2
heralding,First Server Limited,449,3
heralding,"Comcast Cable Communications, LLC",438,1
heralding,Binariang Berhad,380,1
heralding,BRACNet Limited,379,1
heralding,Bulgarian Academy of Sciences,356,1
heralding,ZAM LTDA.,354,1
heralding,CHINA UNICOM China169 Backbone,349,2
heralding,ZYNOO Web Services FZC LLC,257,1
heralding,"University of Macedonia, Economic and Social Sciences",247,1
heralding,Orange,242,1
heralding,Psychz Networks,221,2
heralding,SK Broadband Co Ltd,220,1
heralding,The Infrastructure Group B.V.,204,1
heralding,Pfcloud UG (haftungsbeschrankt),199,6
heralding,DESIVPS,168,1
heralding,AZDIGI Corporation,138,1
heralding,Unmanaged Ltd,135,1
heralding,FREE RANGE CLOUD - Free Range Cloud Hosting Inc.,132,3
heralding,CV. NATANETWORK SOLUTION,127,1
heralding,Feo Prest SRL,108,5
heralding,LeaseWeb Netherlands B.V.,97,1
heralding,"Netiface America, Inc.",59,6
heralding,haoxiangyun,36,1
heralding,TechTies Inc.,31,4
heralding,Throttle Limited,22,1
heralding,1 GRID (PTY) LTD,19,1
heralding,PT Registrasi Neva Angkasa,19,1
heralding,UNINET,19,1
heralding,Hydra Communications Ltd,9,9
heralding,Netiface LLC,9,1
heralding,"Nexeon Technologies, Inc.",6,1
heralding,Gwy It Pty Ltd,4,1
heralding,"Tencent Building, Kejizhongyi Avenue",2,1
heralding,"Alibaba (US) Technology Co., Ltd.",1,1
heralding,CoLoCity Ltd,1,1
heralding,Materialism s.r.l.,1,1
heralding,PVimpelCom,1,1
heralding,"Sistemas Informaticos, S.A.",1,1
heralding,VPS Dedicated LLC,1,1
heralding,Wojciech Czapkowicz,1,1
heralding,Zenlayer Inc,1,1
heralding,xTom,1,1
rdp,Feo Prest SRL,120234,2
rdp,MEVSPACE sp. z o.o.,86234,7
rdp,"Majestic Hosting Solutions, LLC",43301,4
rdp,Ayosoft Ltd,39178,1
rdp,ReliableSite.Net LLC,35834,4
rdp,"DigitalOcean, LLC",35267,45
rdp,"Tencent Building, Kejizhongyi Avenue",20528,73
rdp,PT Integra Ventura,19453,1
rdp,OVH SAS,17587,39
rdp,VIETNAM POSTS AND TELECOMMUNICATIONS GROUP,15949,13
rdp,"Hangzhou Alibaba Advertising Co.,Ltd.",12317,4
rdp,Ethio Telecom,8018,2
rdp,netcup GmbH,7322,5
rdp,CHINATELECOM Xinjiang Wulumuqi MAN network,6826,1
rdp,"Cogent Communications, LLC",6153,2
rdp,Aljeel Aljadeed For Technology,5768,1
rdp,"NTT America, Inc.",5654,2
rdp,Yanoor Islam Khan,5495,1
rdp,Massivegrid Ltd,5199,56
rdp,Flyservers S.A.,4559,1
rdp,Google LLC,4028,133
rdp,"Alibaba (US) Technology Co., Ltd.",3733,26
rdp,"Level 3 Parent, LLC",3720,2
rdp,Contabo GmbH,3561,24
rdp,Hurricane Electric LLC,3486,52
rdp,CTG Server Limited,3258,8
rdp,UCLOUD INFORMATION TECHNOLOGY (HK) LIMITED,3007,40
rdp,"China Mobile Communications Group Co., Ltd.",2859,18
rdp,CHINA UNICOM China169 Backbone,2480,22
rdp,Akamai Connected Cloud,2304,17
rdp,Digital Network S.r.l.,2278,1
rdp,Hyonix,2267,4
rdp,Tcloudnet,2230,4
rdp,Gamers Club Ltda,1908,4
rdp,ZAP-Hosting GmbH,1766,1
rdp,Microsoft Corporation,1472,34
rdp,Contabo Inc.,1351,8
rdp,Emirates Integrated Telecommunications Company PJSC,1284,1
rdp,GSL Networks Pty LTD,1266,3
rdp,VNPT Corp,1257,7
rdp,Korea Telecom,1131,7
rdp,GTHost,1065,4
rdp,LG DACOM Corporation,1032,1
rdp,Computer Network Information Center of Chinese Academy of Sciences (CNIC-CAS),1028,1
rdp,System In Place,996,4
rdp,TOT Public Company Limited,960,1
rdp,Contabo Asia Private Limited,902,7
rdp,Nuday Networks Inc.,884,1
rdp,KPN B.V.,840,1
rdp,"Interserver, Inc",825,3
rdp,"Ultahost, Inc.",813,2
rdp,FPT Telecom Company,768,2
rdp,GTT Communications Inc.,711,1
rdp,"Bangmod Enterprise Co., Ltd.",702,1
rdp,"The Constant Company, LLC",698,10
rdp,Sai gon Postel Corporation,632,1
rdp,PT Ikhlas Cipta Teknologi,630,1
rdp,RoyaleHosting BV,609,3
rdp,HostPapa,603,2
rdp,Hetzner Online GmbH,599,5
rdp,"METASMART CO., LTD.",585,1
rdp,China Mobile communications corporation,577,9
rdp,"VP InfoTech Co., Ltd.",556,3
rdp,M&a Goods LLC,549,1
rdp,ON EMPRESAS S.A.C.,540,1
rdp,Limited Network LTD,537,1
rdp,"HONG KONG KOWLOON TELECOMMUNICATIONS CO.,LIMITED",531,1
rdp,Evoxt Sdn. Bhd.,518,2
rdp,HeiLongJiang Mobile Communication Company Limited,516,1
rdp,Rethem Hosting LLC,512,69
rdp,Systems Solutions & development Technologies Limited,498,1
rdp,Red Cientifica Peruana,444,1
rdp,"Amazon.com, Inc.",433,35
rdp,UIH,426,1
rdp,VPSTTT COMPUTER COMPANY LIMITED,423,1
rdp,"Nocix, LLC",396,3
rdp,XIMBO Internet Limited,388,1
rdp,"Censys, Inc.",380,25
rdp,HD TECHNICAL INFRASTRUCTURE CONSTRUCTION COMPANY LIMITED,378,1
rdp,ALINDA LLC,360,1
rdp,Antbox Networks Limited,358,2
rdp,Charles River Operation,357,1
rdp,WorldStream B.V.,340,1
rdp,Play2go International Limited,339,1
rdp,Vietservice Technology Company Limited,339,15
rdp,Real Time Cloud Services LLC,336,1
rdp,Scloud Pte Ltd,324,1
rdp,YISU CLOUD LTD,312,3
rdp,MIR INFO SYSTEMS LTD.,308,1
rdp,Tier.Net Technologies LLC,308,2
rdp,VIET DIGITAL TECHNOLOGY LIABILITY COMPANY,305,2
rdp,RouterHosting LLC,294,2
rdp,"Kamatera, Inc.",286,3
rdp,"Hsin Yeong An Cable TV Co., Ltd.",285,1
rdp,WENIUM LTD,285,1
rdp,IONOS SE,282,6
rdp,Datacamp Limited,281,3
rdp,True Online,279,1
rdp,Bashinskii Vadim Ruslanovich,274,1
rdp,ITP-Solutions GmbH & Co. KG,273,1
rdp,Vpsvault.host Ltd,266,4
rdp,AS396426,252,1
rdp,"Sneaker Server, LLC",252,1
rdp,"Beijing Volcano Engine Technology Co., Ltd.",237,4
rdp,Flarezen Ltd.,230,1
rdp,LLC Vash Kredit Bank,223,5
rdp,Latitude.sh,219,1
rdp,ID Performance,212,1
rdp,Windstream Communications LLC,211,1
rdp,Sri Lanka Telecom Internet,204,2
rdp,WebHorizon Internet Services,199,1
rdp,"GoDaddy.com, LLC",178,3
rdp,AS205759,177,1
rdp,Data Communication Business Group,176,2
rdp,Virtual Machine Solutions LLC,174,1
rdp,Chinanet,171,12
rdp,PT Infotech Tantami Nusantara,166,1
rdp,Oracle Corporation,162,3
rdp,Shesternin Vladimir Anatolievich,159,1
rdp,MillenialHost Limited,156,1
rdp,Megacore Technology Company Limited,144,2
rdp,LIGHT NODE LIMITED,135,1
rdp,FASTNET DATA INC,129,1
rdp,TBC,128,2
rdp,Tube-Hosting,114,2
rdp,BEDGE CO LIMITED,104,1
rdp,Ligga Telecomunicacoes S.A.,99,3
rdp,Space Exploration Technologies Corporation,93,4
rdp,FranTech Solutions,87,1
rdp,Hathway IP Over Cable Internet,87,1
rdp,"Bharti Airtel Ltd., Telemedia Services",84,3
rdp,Hutchison Telecommunications Lanka (Private) Limited,78,1
rdp,"Atlantic.net, Inc.",75,1
rdp,PJSC Moscow city telephone network,73,1
rdp,CMPak Limited,69,1
rdp,"Beijing Baidu Netcom Science and Technology Co., Ltd.",68,2
rdp,"1GSERVERS, LLC",66,1
rdp,Metroset,64,1
rdp,China Telecom,63,2
rdp,Alferov Aleksey Aleksandrovich,62,2
rdp,Alsycon B.V.,62,2
rdp,Data Campus Limited,60,1
rdp,H4Y Technologies LLC,60,2
rdp,HUAWEI CLOUDS,60,2
rdp,Host Africa (Pty) Ltd,60,1
rdp,TOSHAM TELECOM PRIVATE LIMITED,60,1
rdp,China Telecom (Group),57,3
rdp,velia.net Internetdienste GmbH,56,1
rdp,"NZ Network Enterprise Co., Ltd.",54,1
rdp,Pfcloud UG (haftungsbeschrankt),52,7
rdp,Genc BT Bilisim Teknolojileri Limited Sirketi,51,1
rdp,NhanHoa Software company,51,1
rdp,"Atria Convergence Technologies Ltd.,",50,3
rdp,China Unicom Shanghai network,48,2
rdp,Zillion Network Inc.,48,1
rdp,"CariNet, Inc.",47,5
rdp,VIETTEL PERU S.A.C.,45,1
rdp,BL Networks,42,1
rdp,China Unicom Beijing Province Network,42,1
rdp,PureVoltage Hosting Inc.,42,1
rdp,COTAS LTDA.,40,1
rdp,2e Telekomunikasyon Ltd Sti,39,1
rdp,China Unicom Global,39,3
rdp,Hydra Communications Ltd,38,19
rdp,Telecom Argentina S.A.,37,2
rdp,AGOTOZ PTE. LTD.,36,3
rdp,"CDS Global Cloud Co., Ltd",36,1
rdp,Omegatech LTD,35,2
rdp,SS-Net,34,3
rdp,TELEFONICA BRASIL S.A,33,2
rdp,Zenlayer Inc,33,5
rdp,Cloud Computing Corporation,32,1
rdp,GALEON LLC,32,1
rdp,TechTies Inc.,32,2
rdp,China Telecom Henan Zhengzhou Shujugang IDC network,30,1
rdp,National Information Technology Authority Uganda,30,1
rdp,China Unicom IP network China169 Guangdong province,29,2
rdp,ONYPHE SAS,28,13
rdp,Trans World Enterprise Services (Private) Limited,28,2
rdp,Iomart Cloud Services Limited,27,1
rdp,Irfan Tugra Onem,27,1
rdp,SHARP TELECOM (PRIVATE) LIMITED,27,1
rdp,TATA PLAY BROADBAND PRIVATE LIMITED,27,1
rdp,CHINANET Liaoning province Dalian MAN network,26,1
rdp,"Kansuiun Co., Ltd",24,1
rdp,Modat B.V.,24,11
rdp,Revive IT Solutions LLC,24,2
rdp,Shandong Mobile Communication Company Limited,24,1
rdp,UK Dedicated Servers Limited,24,1
rdp,AS Number for CHINANET jiangsu province backbone,23,1
rdp,CHINATELECOM Hubei province Wuhan 5G network,23,1
rdp,Alpha Strike Labs GmbH,22,11
rdp,MEGAHOST TECHNOLOGY COMPANY LIMITED,21,1
rdp,Zimbabwe Online,21,1
rdp,Cloud Host Pte Ltd,20,1
rdp,Kuroit,20,2
rdp,Webico Company Limited,20,1
rdp,SBN-ISP/AWN-ISP and SBN-NIX/AWN-NIX,19,1
rdp,China Telecom Beijing Tianjin Hebei Big Data Industry Park Branch,18,1
rdp,National WiMAX/IMS environment,18,2
rdp,SKN Subnet & Telecom Ltd,18,2
rdp,TransitX Ltd,18,1
rdp,INTERDIGI JOINT STOCK COMPANY,17,2
rdp,Driftnet Ltd,16,4
rdp,Ouiheberg SARL,15,1
rdp,12651980 CANADA INC.,14,3
rdp,CT-HangZhou-IDC,12,1
rdp,Host Universal Pty Ltd,12,1
rdp,Vodacom Mocambique S.A,12,2
rdp,31173 Services AB,10,1
rdp,National Telecom Public Company Limited,10,2
rdp,PJSC MegaFon,10,2
rdp,DESARROLLO DE INFRAESTRUCTURA DE TELECOMUNICACIONES PERU S.A.C. (INFRATEL),9,1
rdp,Ghana Telecommunications Company Limited,9,1
rdp,Magit'st Srl,9,1
rdp,"Netiface America, Inc.",9,1
rdp,SkyPass Solutions Sp. z.o.o.,9,1
rdp,Cipher Operations Doo Beograd - Novi Beograd,8,1
rdp,IP Volume inc,8,3
rdp,Markahost Telekomunikasyon Ve Ticaret Limited Sirketi,8,1
rdp,SmartApe OU,8,1
rdp,"Sistemas Informaticos, S.A.",7,1
rdp,Arvancloud Global Technologies L.L.C,6,1
rdp,Atria Convergence Technologies Pvt. Ltd. Broadband Internet Service Provider INDIA,6,1
rdp,BattleHost,6,1
rdp,Black HOST Ltd,6,1
rdp,"Comcast Cable Communications, LLC",6,2
rdp,GlobalConnect AB,6,3
rdp,GravHosting LLC,6,1
rdp,Krausonline.com,6,1
rdp,LABIXE LTD,6,1
rdp,Leo SA,6,1
rdp,Multinet Broadband,6,1
rdp,Techoff Srv Limited,6,1
rdp,ANJANI BROADBAND SOLUTIONS PVT.LTD.,4,1
rdp,"Beijing Tiantexin Tech. Co., Ltd.",4,1
rdp,CNSNext,4,1
rdp,Charter Communications LLC,4,1
rdp,ColocaTel Inc.,4,2
rdp,Compania Dominicana de Telefonos S. A.,4,1
rdp,Converge ICT Solutions Inc.,4,1
rdp,EZ TECHNOLOGY COMPANY LIMITED,4,1
rdp,GoodLeaf Hosting & Development LLC,4,1
rdp,Iran Telecommunication Company PJS,4,2
rdp,JSC Buduschee,4,1
rdp,MOBIFONE Corporation,4,1
rdp,Nechaev Dmitry Sergeevich,4,1
rdp,Office National des Postes et Telecommunications ONPT (Maroc Telecom) / IAM,4,1
rdp,Philippine Long Distance Telephone Company,4,1
rdp,Proton66 OOO,4,1
rdp,aurologic GmbH,4,1
rdp,China Telecom Next Generation Carrier Network,3,1
rdp,"Cloudflare, Inc.",3,1
rdp,Smart Telecom Limited,3,1
rdp,"UnReal Servers, LLC",3,1
rdp,cognetcloud INC,3,1
rdp,AROSSCLOUD INC.,2,1
rdp,Agni Systems Limited,2,1
rdp,Anonet Network Private Limited,2,1
rdp,Asre Dadeha Asiatech,2,1
rdp,Baykov Ilya Sergeevich,2,1
rdp,DataWagon LLC,2,1
rdp,Ethernic LLC,2,1
rdp,G-Core Labs S.A.,2,1
rdp,Gigalink de Nova Friburgo Solucoes em Rede Multimi,2,1
rdp,Hebei Mobile Communication Company Limited,2,1
rdp,"Leaseweb USA, Inc.",2,1
rdp,M247 Europe SRL,2,1
rdp,MEDITELECOM,2,1
rdp,MHNET TELECOM,2,1
rdp,MMER Provedor de Internet Ltda - ME,2,1
rdp,MTN NIGERIA Communication limited,2,1
rdp,MTS PJSC,2,1
rdp,Mobin Net Communication Company (Private Joint Stock),2,1
rdp,Nine Communications Company Limited,2,1
rdp,OriginNet,2,1
rdp,"Qingdao,266000",2,1
rdp,Qinghai Telecom,2,1
rdp,RailTel Corporation of India Ltd,2,1
rdp,Shunkhlai Group,2,1
rdp,T-Mobile Czech Republic a.s.,2,1
rdp,Telmex Colombia S.A.,2,1
rdp,Tier 4 Cloud Services,2,1
rdp,URLSTART,2,1
rdp,Ucom CJSC,2,1
rdp,Verizon Business,2,1
rdp,,2,1
sip,Unmanaged Ltd,261069,3
sip,Husam A. H. Hijazi,74512,15
sip,UAB Cherry Servers,66682,9
sip,IONOS SE,31036,9
sip,OVH SAS,26836,38
sip,"HIVELOCITY, Inc.",16715,11
sip,1337 Services GmbH,12047,2
sip,Private Layer INC,9566,1
sip,RouterHosting LLC,6671,16
sip,HostPapa,4782,3
sip,MEVSPACE sp. z o.o.,4318,2
sip,Latitude.sh,3386,2
sip,NetCrafters OU,1728,1
sip,Alsycon B.V.,1656,11
sip,"GoDaddy.com, LLC",1523,2
sip,Latitude.sh LTDA,1126,2
sip,ClearStack B.V.,1003,2
sip,ReliableSite.Net LLC,600,14
sip,FranTech Solutions,470,9
sip,aurologic GmbH,401,2
sip,2e Telekomunikasyon Ltd Sti,285,1
sip,Wowrack.com,278,1
sip,Scaleway SAS,266,5
sip,"Alibaba (US) Technology Co., Ltd.",192,16
sip,PebbleHost Ltd,132,1
sip,Internap Holding LLC,91,3
sip,"Censys, Inc.",55,51
sip,PT Sinergi Inti Andalan Prima,54,1
sip,Google LLC,45,41
sip,"DigitalOcean, LLC",41,9
sip,Hydra Communications Ltd,24,23
sip,Contabo GmbH,23,4
sip,Kabelnet Ltd,23,1
sip,Veganet Teknolojileri ve Hizmetleri LTD STI,21,1
sip,TechTies Inc.,16,1
sip,ONYPHE SAS,14,10
sip,AS401661,13,3
sip,"Cogent Communications, LLC",13,2
sip,UCLOUD INFORMATION TECHNOLOGY (HK) LIMITED,12,9
sip,Microsoft Corporation,11,11
sip,"CenturyLink Communications, LLC",10,1
sip,WideOpenWest Finance LLC,10,1
sip,LLC Vash Kredit Bank,9,8
sip,Corebach Backbone SARL,8,1
sip,Driftnet Ltd,7,6
sip,"Arbor Networks, Inc.",6,6
sip,"Sistemas Informaticos, S.A.",6,5
sip,AGOTOZ PTE. LTD.,5,2
sip,"Amazon.com, Inc.",5,5
sip,Hetzner Online GmbH,5,2
sip,Rethem Hosting LLC,5,5
sip,SkyNet Telecomunicacoes,5,2
sip,"TELECABLE DOMINICANO, S.A.",5,1
sip,servinga GmbH,5,1
sip,Vpsvault.host Ltd,4,3
sip,WIIT AG,4,3
sip,CHINA UNICOM China169 Backbone,3,3
sip,"CariNet, Inc.",3,3
sip,ESTOXY OU,3,1
sip,OSCAR M DE CARVALHO - ME,3,2
sip,UFINET PANAMA S.A.,3,1
sip,31173 Services AB,2,2
sip,Akamai Connected Cloud,2,2
sip,"Comcast Cable Communications, LLC",2,1
sip,"Hangzhou Alibaba Advertising Co.,Ltd.",2,1
sip,"Hawaiian Telcom Services Company, Inc.",2,1
sip,"Limestone Networks, Inc.",2,1
sip,M247 Europe SRL,2,2
sip,MOACK.Co.LTD,2,2
sip,Miteflux Technologies Ltd,2,1
sip,TechHub company for trading investment and technology,2,1
sip,Zenlayer Inc,2,2
sip,3xK Tech GmbH,1,1
sip,Agronet LLC,1,1
sip,Alexhost Srl,1,1
sip,Alpha Strike Labs GmbH,1,1
sip,BB Host LTDA,1,1
sip,Black HOST Ltd,1,1
sip,CONECT ISP - SERVICOS DE COMUNICACAO MULTIMID LTDA,1,1
sip,Cablevision Lightpath LLC,1,1
sip,Cablevision Systems Corp.,1,1
sip,Charter Communications Inc,1,1
sip,Chinanet,1,1
sip,Coolnet New Communication Provider,1,1
sip,DUNET LTDA,1,1
sip,Datacamp Limited,1,1
sip,Detai Prosperous Technologies Limited,1,1
sip,Exponential-E Ltd.,1,1
sip,F.n.s. Holdings Limited,1,1
sip,"Fiba Cloud Operation Company, LLC",1,1
sip,G-Core Labs S.A.,1,1
sip,GSL Networks Pty LTD,1,1
sip,IP Volume inc,1,1
sip,Iomart Cloud Services Limited,1,1
sip,"Kamatera, Inc.",1,1
sip,Kuroit,1,1
sip,LUCAS NETWORK INFORMATICA LTDA ME,1,1
sip,"Level 3 Parent, LLC",1,1
sip,METROFLEX TELECOMUNICACOES LTDA,1,1
sip,PT. Indonusa System Integrator Prima,1,1
sip,SIM INTERNET PROVEDORES DE INTERNET EIRELI.,1,1
sip,SK Broadband Co Ltd,1,1
sip,SKN Subnet & Telecom Ltd,1,1
sip,Scloud Pte Ltd,1,1
sip,UNICONNECT SERVICOS DE TELECOMUNICACOES LTDA,1,1
sip,Verizon Business,1,1
sip,WD Produtos e Servicos Tecnologicos,1,1
suricata,"DigitalOcean, LLC",93916,408
suricata,Contabo GmbH,31607,62
suricata,,18248,37
suricata,MEVSPACE sp. z o.o.,10935,7
suricata,Hebei Mobile Communication Company Limited,9383,162
suricata,Google LLC,6987,2037
suricata,"Tencent Building, Kejizhongyi Avenue",6824,409
suricata,LG POWERCOMM,4884,3
suricata,"Hangzhou Alibaba Advertising Co.,Ltd.",4098,95
suricata,VIETNAM POSTS AND TELECOMMUNICATIONS GROUP,3876,16
suricata,LG DACOM Corporation,3346,4
suricata,Data Communication Business Group,2735,10
suricata,Unmanaged Ltd,2591,26
suricata,Ayosoft Ltd,2150,1
suricata,"Alibaba (US) Technology Co., Ltd.",2135,424
suricata,Omegatech LTD,2103,17
suricata,Korea Telecom,1712,18
suricata,UCLOUD INFORMATION TECHNOLOGY (HK) LIMITED,1677,189
suricata,Akamai Connected Cloud,1672,248
suricata,TechTies Inc.,1594,87
suricata,Feo Prest SRL,1537,11
suricata,Alsycon B.V.,1454,9
suricata,"Amazon.com, Inc.",1420,155
suricata,Microsoft Corporation,1238,752
suricata,Techoff Srv Limited,1232,23
suricata,Flyservers S.A.,1186,3
suricata,VNPT Corp,1101,30
suricata,Shenzhen Tencent Computer Systems Company Limited,1050,79
suricata,"China Mobile Communications Group Co., Ltd.",862,35
suricata,Cyberzone S.A.,818,381
suricata,CHINA UNICOM China169 Backbone,803,75
suricata,"Censys, Inc.",788,218
suricata,Banatsync Srl,761,20
suricata,"NTT America, Inc.",733,2
suricata,Tcloudnet,709,4
suricata,Hurricane Electric LLC,686,218
suricata,"Interserver, Inc",670,5
suricata,kbro CO. Ltd.,663,3
suricata,Veganet Teknolojileri ve Hizmetleri LTD STI,652,1
suricata,IP Volume inc,643,28
suricata,Datacamp Limited,623,307
suricata,netcup GmbH,587,9
suricata,OVH SAS,544,60
suricata,China Mobile communications corporation,511,22
suricata,IDDQD-AS,509,25
suricata,PT Telekomunikasi Indonesia,500,17
suricata,HostPapa,496,34
suricata,TPx Communications,482,1
suricata,UAB Cherry Servers,455,3
suricata,Aljeel Aljadeed For Technology,437,2
suricata,Gamers Club Ltda,419,4
suricata,Chinanet,396,106
suricata,Limited Network LTD,395,13
suricata,Spartan Host Ltd,372,3
suricata,Megacore Technology Company Limited,367,3
suricata,Amarutu Technology Ltd,335,2
suricata,Zenlayer Inc,325,109
suricata,Orne THD SPL,294,1
suricata,Pfcloud UG (haftungsbeschrankt),253,27
suricata,ONYPHE SAS,252,194
suricata,KPN B.V.,238,2
suricata,GTT Communications Inc.,236,1
suricata,Rethem Hosting LLC,231,86
suricata,AdminVPS OOO,229,5
suricata,Layer7 Networks GmbH,217,1
suricata,Sino Worldwide Trading Limited,215,1
suricata,"Sistemas Informaticos, S.A.",214,63
suricata,Connect Communications,208,1
suricata,SK Broadband Co Ltd,208,2
suricata,XIMBO Internet Limited,200,1
suricata,American Information Network,196,1
suricata,M247 Europe SRL,196,124
suricata,M&a Goods LLC,189,1
suricata,IONOS SE,183,17
suricata,Oracle Corporation,182,37
suricata,"METASMART CO., LTD.",179,1
suricata,HeiLongJiang Mobile Communication Company Limited,168,2
suricata,Massivegrid Ltd,165,8
suricata,Telecom Argentina S.A.,165,8
suricata,Above Bar Cyber Limited,162,57
suricata,JSC Buduschee,155,3
suricata,VPSTTT COMPUTER COMPANY LIMITED,153,2
suricata,Virgin Media,151,2
suricata,"CariNet, Inc.",147,29
suricata,Verizon Business,145,5
suricata,UIH,143,2
suricata,Storm Industries LLC,142,25
suricata,Vpsvault.host Ltd,137,16
suricata,Byteplus Pte. Ltd.,133,9
suricata,"Level 3 Parent, LLC",131,3
suricata,FranTech Solutions,129,4
suricata,CTG Server Limited,126,6
suricata,FDCservers.net,125,3
suricata,YISU CLOUD LTD,123,7
suricata,Devdarpan Broadband Pvt. Ltd.,119,1
suricata,Ethio Telecom,117,6
suricata,Scloud Pte Ltd,117,3
suricata,Contabo Inc.,112,6
suricata,Vodafone Data,111,4
suricata,HostRoyale Technologies Pvt Ltd,98,60
suricata,Telconet S.A,96,2
suricata,"Nos Comunicacoes, S.A.",94,3
suricata,1337 Services GmbH,91,11
suricata,VPS Dedicated LLC,89,29
suricata,Valence Technology Co.,86,9
suricata,AGOTOZ PTE. LTD.,85,28
suricata,AS396426,85,1
suricata,"VP InfoTech Co., Ltd.",85,2
suricata,"Comcast Cable Communications, LLC",83,12
suricata,Ucom CJSC,83,2
suricata,LLC Vash Kredit Bank,82,16
suricata,SS-Net,82,6
suricata,Hydra Communications Ltd,80,74
suricata,The University of Chicago,79,1
suricata,Sudatel (Sudan Telecom Co. Ltd),78,1
suricata,Binariang Berhad,75,6
suricata,ColocaTel Inc.,71,3
suricata,Scaleway SAS,71,18
suricata,"Beijing Volcano Engine Technology Co., Ltd.",70,13
suricata,Blix Solutions AS,69,2
suricata,Digital Network S.r.l.,69,2
suricata,F.n.s. Holdings Limited,69,4
suricata,PT. Yasmin Amanah Media,69,1
suricata,AS205759,67,2
suricata,Turk Telekom,67,6
suricata,Hetzner Online GmbH,66,22
suricata,HUAWEI CLOUDS,65,6
suricata,C-ComTelecom Servios Ltda-ME,64,1
suricata,China Telecom (Group),64,14
suricata,MIR INFO SYSTEMS LTD.,64,2
suricata,Modat B.V.,60,25
suricata,China Unicom Beijing Province Network,58,21
suricata,Alpha Strike Labs GmbH,57,52
suricata,Clouvider Limited,57,35
suricata,FPT Telecom Company,56,6
suricata,GSL Networks Pty LTD,53,2
suricata,"AT&T Enterprises, LLC",52,6
suricata,MillenialHost Limited,52,1
suricata,"Interconnecx, LLC",51,26
suricata,Rostelecom,51,16
suricata,Tier.Net Technologies LLC,51,23
suricata,Netiface LLC,49,12
suricata,"Beijing Tiantexin Tech. Co., Ltd.",48,9
suricata,Latitude.sh,48,11
suricata,WENIUM LTD,48,1
suricata,System In Place,47,1
suricata,"CDS Global Cloud Co., Ltd",46,8
suricata,Madina IT,46,1
suricata,Free SAS,45,2
suricata,WebHorizon Internet Services,45,1
suricata,Hathway IP Over Cable Internet,44,4
suricata,PebbleHost Ltd,44,4
suricata,CMPak Limited,42,12
suricata,Netclues Technologies Private Limited,41,1
suricata,Fastweb,40,5
suricata,Real Time Cloud Services LLC,40,1
suricata,"Beijing Baidu Netcom Science and Technology Co., Ltd.",39,10
suricata,CHINATELECOM Xinjiang Wulumuqi MAN network,39,1
suricata,JSC Severen-Telecom,39,1
suricata,NovoServe B.V.,39,1
suricata,GTHost,38,3
suricata,LIGHT NODE LIMITED,38,1
suricata,Belanet cc,37,1
suricata,RouterHosting LLC,37,16
suricata,Tamatiya EOOD,37,2
suricata,UNINET,37,20
suricata,L&L Investment Ltd.,36,3
suricata,"The Constant Company, LLC",36,15
suricata,FASTNET DATA INC,35,2
suricata,Host Universal Pty Ltd,35,24
suricata,China Education and Research Network Center,34,1
suricata,"Cloudflare, Inc.",34,6
suricata,"Netiface America, Inc.",34,18
suricata,Agni Systems Limited,32,2
suricata,Cyber Internet Services (Pvt) Ltd.,32,19
suricata,MOACK.Co.LTD,32,4
suricata,RMP Protection Limited,31,1
suricata,SIM INTERNET PROVEDORES DE INTERNET EIRELI.,31,4
suricata,EZ TECHNOLOGY COMPANY LIMITED,30,5
suricata,MTS PJSC,30,3
suricata,"Nexeon Technologies, Inc.",29,16
suricata,Systems Solutions & development Technologies Limited,29,1
suricata,Zenixcloud,29,2
suricata,"tzulo, inc.",29,9
suricata,Viettel Group,28,8
suricata,Akenes SA,27,3
suricata,BattleHost,27,6
suricata,Dedik Services Limited,27,2
suricata,G-Core Labs S.A.,27,3
suricata,Internap Holding LLC,27,4
suricata,Sri Lanka Telecom Internet,27,1
suricata,UFINET PANAMA S.A.,27,2
suricata,BRACNet Limited,26,1
suricata,Baykov Ilya Sergeevich,26,2
suricata,Cloud Computing Corporation,26,3
suricata,Detai Prosperous Technologies Limited,25,11
suricata,Hostkey B.v.,25,2
suricata,Nine Communications Company Limited,25,1
suricata,Tube-Hosting,25,1
suricata,"Bharti Airtel Ltd., Telemedia Services",24,7
suricata,Geniusweer SAS,24,1
suricata,Viettel Corporation,24,3
suricata,China Telecom,23,3
suricata,"IDC, China Telecommunications Corporation",23,4
suricata,"Kamatera, Inc.",23,1
suricata,PJSC Bashinformsvyaz,23,1
suricata,"Ultahost, Inc.",23,2
suricata,4 Vendeta Ltd,22,2
suricata,A S C S C DIGITAL PRIVATE LIMITED,22,1
suricata,Bulgarian Academy of Sciences,22,1
suricata,Cipher Operations Doo Beograd - Novi Beograd,22,4
suricata,Philippine Long Distance Telephone Company,22,9
suricata,SKN Subnet & Telecom Ltd,22,8
suricata,Verein zur Foerderung eines Deutschen Forschungsnetzes e.V.,22,1
suricata,Driftnet Ltd,21,19
suricata,"Hsin Yeong An Cable TV Co., Ltd.",21,1
suricata,Pakistan Telecommunication Company Limited,21,14
suricata,TOSHAM TELECOM PRIVATE LIMITED,21,1
suricata,AS401661,20,4
suricata,Alferov Aleksey Aleksandrovich,20,2
suricata,Best Internet Solution Xk,20,2
suricata,Miti 2000 EOOD,20,3
suricata,Skymax Broadband Services Pvt. Ltd.,20,1
suricata,CHINANET Jiangx province IDC network,19,1
suricata,CHINANET SHAANXI province Cloud Base network,19,4
suricata,National Telecom Public Company Limited,19,1
suricata,TELEFONICA BRASIL S.A,19,9
suricata,BEDGE CO LIMITED,18,1
suricata,China Networks Inter-Exchange,18,3
suricata,China Unicom Shanghai network,18,5
suricata,German Kiselev,18,3
suricata,H4Y Technologies LLC,18,3
suricata,Telecom Malagasy,18,1
suricata,Telstra Global,18,1
suricata,Bashinskii Vadim Ruslanovich,17,1
suricata,Bytefilter LLC,17,1
suricata,GlobalConnect AB,17,10
suricata,VIETTEL PERU S.A.C.,17,1
suricata,1 GRID (PTY) LTD,16,2
suricata,Black HOST Ltd,16,3
suricata,GALEON LLC,16,1
suricata,Kingsoft cloud corporation limited,16,3
suricata,Petersburg Internet Network ltd.,16,2
suricata,SOCIETE NATIONALE DES TELECOMMUNICATIONS (Tunisie Telecom),16,1
suricata,SkyPass Solutions Sp. z.o.o.,16,1
suricata,Charter Communications LLC,15,2
suricata,Flarezen Ltd.,15,3
suricata,National Internet Backbone,15,3
suricata,Shesternin Vladimir Anatolievich,15,1
suricata,Triple T Broadband Public Company Limited,15,4
suricata,Artnet Sp. z o.o.,14,10
suricata,COTAS LTDA.,14,2
suricata,Church of Cyberology,14,8
suricata,EMPRESA NACIONAL DE TELECOMUNICACIONES SOCIEDAD ANONIMA,14,4
suricata,Enginet LLC,14,1
suricata,Host Africa (Pty) Ltd,14,2
suricata,"No.293,Wanbao Avenue",14,1
suricata,Play,14,2
suricata,BlueVPS OU,13,4
suricata,CHINATELECOM Hubei province Wuhan 5G network,13,7
suricata,CNSERVERS LLC,13,2
suricata,CoreNET Inc.,13,3
suricata,"Fastly, Inc.",13,1
suricata,LUCAS NETWORK INFORMATICA LTDA ME,13,1
suricata,ReliableSite.Net LLC,13,4
suricata,BHARTI Airtel Ltd.,12,7
suricata,CHT Compamy Ltd,12,2
suricata,CtrlS,12,2
suricata,IPVDATA TECNOLOGIA E COMPUTACAO EM NUVEM LTDA,12,1
suricata,Kenya Education Network,12,2
suricata,Krez 999 Eood,12,2
suricata,"Net Uno, C.A.",12,1
suricata,Radore Veri Merkezi Hizmetleri A.S.,12,1
suricata,"Sneaker Server, LLC",12,1
suricata,China Unicom Global,11,3
suricata,Comteco Ltda,11,1
suricata,"GoDaddy.com, LLC",11,7
suricata,Google Fiber Inc.,11,2
suricata,Iran Telecommunication Company PJS,11,9
suricata,"NTT PC Communications, Inc.",11,1
suricata,"NZ Network Enterprise Co., Ltd.",11,1
suricata,Net Aki Internet Ltda,11,1
suricata,SKYMAX TELECOMUNICACOES LTDA ME,11,1
suricata,The Internet Data Center of Guizhou Mobile Communication Company Limited,11,1
suricata,"Atria Convergence Technologies Ltd.,",10,4
suricata,Cloudie Limited,10,4
suricata,Gigabit Hosting Sdn Bhd,10,4
suricata,PT Cloud Hosting Indonesia,10,5
suricata,PT Integra Ventura,10,1
suricata,Sia Nano IT,10,6
suricata,UpCloud Ltd,10,1
suricata,ALGAR TELECOM S/A,9,6
suricata,Antbox Networks Limited,9,4
suricata,China Telecom Henan Zhengzhou Shujugang IDC network,9,1
suricata,Deutsche Telekom AG,9,3
suricata,Global Connectivity Solutions Llp,9,6
suricata,QuxLabs AB,9,5
suricata,SHARP TELECOM (PRIVATE) LIMITED,9,1
suricata,Space Exploration Technologies Corporation,9,2
suricata,TATA PLAY BROADBAND PRIVATE LIMITED,9,1
suricata,Aire Networks Del Mediterraneo Sl Unipersonal,8,3
suricata,Alperen Karabiyik,8,3
suricata,China Telecom Beijing Tianjin Hebei Big Data Industry Park Branch,8,3
suricata,Computer Network Information Center of Chinese Academy of Sciences (CNIC-CAS),8,1
suricata,DIGI VPS,8,1
suricata,Hosteons Pte. Ltd.,8,2
suricata,INTERDIGI JOINT STOCK COMPANY,8,3
suricata,MTN NIGERIA Communication limited,8,4
suricata,NekoClaw Ltd,8,1
suricata,NubaCloud B.V.,8,1
suricata,PJSC MegaFon,8,4
suricata,PUNTONET S.A.,8,4
suricata,SmartApe OU,8,1
suricata,"University of Macedonia, Economic and Social Sciences",8,1
suricata,Yanoor Islam Khan,8,2
suricata,az-evro Tel LLC,8,1
suricata,BestDC Limited,7,1
suricata,CORPORACION NACIONAL DE TELECOMUNICACIONES - CNT EP,7,2
suricata,CTC. CORP S.A. (TELEFONICA EMPRESAS),7,2
suricata,Community Fibre Limited,7,1
suricata,Faraso Samaneh Pasargad Ltd.,7,1
suricata,Hostgnome Ltd,7,2
suricata,"Majestic Hosting Solutions, LLC",7,2
suricata,National Data Center building,7,1
suricata,NetLab Global,7,2
suricata,"Network Solutions, LLC",7,4
suricata,PIO-Hosting GmbH,7,1
suricata,PT IndoDev Niaga Internet,7,1
suricata,Sai gon Postel Corporation,7,3
suricata,Superonline Iletisim Hizmetleri A.S.,7,5
suricata,Trans World Enterprise Services (Private) Limited,7,1
suricata,VIETNAM DIGITAL INFRASTRUCTURE JOINT STOCK COMPANY,7,1
suricata,Webico Company Limited,7,1
suricata,cognetcloud INC,7,4
suricata,AROSSCLOUD INC.,6,2
suricata,Access Lebanon,6,1
suricata,Akenai Products LTD,6,1
suricata,Atria Convergence Technologies Pvt. Ltd. Broadband Internet Service Provider INDIA,6,3
suricata,Bharti Airtel Ltd. AS for GPRS Service,6,2
suricata,CT-HangZhou-IDC,6,4
suricata,Converge ICT Solutions Inc.,6,2
suricata,DAOU TECHNOLOGY,6,2
suricata,Data Campus Limited,6,3
suricata,"Eastern Telecoms Phils., Inc.",6,2
suricata,F3 Netze e.V.,6,3
suricata,Hong Kong Broadband Network Ltd.,6,4
suricata,Hostinger International Limited,6,1
suricata,Hulum Almustakbal Company for Communication Engineering and Services Ltd,6,1
suricata,Hutchison Drei Austria GmbH,6,3
suricata,Ishan's Network,6,2
suricata,LEASEWEB SINGAPORE PTE. LTD.,6,1
suricata,"Leaseweb USA, Inc.",6,1
suricata,Liberty Communications of Puerto Rico LLC,6,2
suricata,Multinet Broadband,6,2
suricata,NSS S.A.,6,3
suricata,ONLINE DATA COMPANY LIMITED,6,1
suricata,PT Atharva Telematika Persada,6,1
suricata,PT. Eka Mas Republik,6,4
suricata,Pars Abr Toseeh Ertebatat LTD,6,1
suricata,Play2go International Limited,6,2
suricata,Qinghai Telecom,6,4
suricata,Swissnet LLC,6,1
suricata,Telmex Chile Internet S.A.,6,1
suricata,VIET DIGITAL TECHNOLOGY LIABILITY COMPANY,6,3
suricata,velia.net Internetdienste GmbH,6,3
suricata,2e Telekomunikasyon Ltd Sti,5,2
suricata,Advanced Solutions LLC,5,1
suricata,Aeza Group LLC,5,1
suricata,Agronet LLC,5,2
suricata,Argon Data Communication,5,1
suricata,BDCOM Online Limited,5,1
suricata,Bangla Phone Ltd,5,2
suricata,CAMTEL,5,1
suricata,"CANTV Servicios, Venezuela",5,4
suricata,COMPUTADORES E SISTEMAS LTDA,5,1
suricata,CONECTHOST DATACENTER,5,1
suricata,CPS,5,2
suricata,Chsl One Ltd,5,2
suricata,"Comunicacoes Multimedia, Lda",5,1
suricata,Cox Communications Inc.,5,4
suricata,"ETEX COMMUNICATIONS, LLC",5,1
suricata,Extreme Broadband - Total Broadband Experience,5,1
suricata,F/X Wireless Technology Solutions Pvt. Ltd.,5,1
suricata,Globe Telecoms,5,2
suricata,Haefele Connect,5,1
suricata,KDDI CORPORATION,5,3
suricata,Link3 Technologies Ltd.,5,3
suricata,MAXKO d.o.o.,5,1
suricata,Office National des Postes et Telecommunications ONPT (Maroc Telecom) / IAM,5,4
suricata,PT Air Lintas Komunikasi,5,2
suricata,PT Deneva,5,1
suricata,PT Mora Telematika Indonesia,5,2
suricata,S. B Link Network,5,2
suricata,Stiftung Erneuerbare Freiheit,5,4
suricata,TM TECHNOLOGY SERVICES SDN. BHD.,5,3
suricata,TOPNET,5,3
suricata,True Internet Data Center Company Limited,5,1
suricata,UAB Host Baltic,5,3
suricata,Vodafone Net Iletisim Hizmetler AS,5,1
suricata,Vox Telecom Ltd,5,1
suricata,Wave Broadband,5,2
suricata,A1 Bulgaria EAD,4,2
suricata,ASN for TIANJIN Provincial Net of CT,4,4
suricata,AmberIT Limited,4,3
suricata,Asiatech Data Transmission company,4,1
suricata,BL Networks,4,2
suricata,British Telecommunications Limited,4,2
suricata,CLARO S.A.,4,3
suricata,CS LOXINFO Public Company Limited.,4,1
suricata,Charter Communications Inc,4,3
suricata,China Unicom IP network China169 Guangdong province,4,3
suricata,Cloud Host Pte Ltd,4,1
suricata,Cloud Viet Technology Company Limited,4,1
suricata,"Cogent Communications, LLC",4,2
suricata,Digi Jadoo Broadband Ltd,4,1
suricata,Digital Hosting Provider LLC,4,1
suricata,ENTEL CHILE S.A.,4,2
suricata,Global Transit Systems LLC,4,1
suricata,"HIVELOCITY, Inc.",4,3
suricata,HOSTKEY,4,1
suricata,High Speed Access Company for Telecommunication and Technology,4,1
suricata,"Hubei Feixun Network Co., Ltd",4,2
suricata,Imegh Private Limited,4,1
suricata,Inq. Digital Limited,4,1
suricata,Jsc timeweb,4,2
suricata,LeaseWeb Netherlands B.V.,4,1
suricata,Linknet ASN,4,2
suricata,Login.Me (Pvt) Ltd,4,2
suricata,Mauritanian Telecommunication Company,4,1
suricata,NOVA TELECOM LTDA,4,1
suricata,NhanHoa Software company,4,3
suricata,ON EMPRESAS S.A.C.,4,2
suricata,PC Astra-net,4,1
suricata,PDR,4,2
suricata,PT Sumber Data Indonesia,4,2
suricata,PT. Indonusa System Integrator Prima,4,1
suricata,PURtel.com GmbH,4,4
suricata,Proton66 OOO,4,2
suricata,Retelit Digital Services S.p.A.,4,2
suricata,SBN-ISP/AWN-ISP and SBN-NIX/AWN-NIX,4,1
suricata,Saudi Telecom Company JSC,4,3
suricata,Sharktech,4,1
suricata,Shereverov Marat Ahmedovich,4,1
suricata,TIM,4,4
suricata,Techtel LMDS Comunicaciones Interactivas S.A.,4,3
suricata,Telmex Colombia S.A.,4,2
suricata,Unified Layer,4,2
suricata,WHG Hosting Services Ltd,4,4
suricata,Xneelo (Pty) Ltd,4,2
suricata,ZYNOO Web Services FZC LLC,4,1
suricata,AS Number for CHINANET jiangsu province backbone,3,2
suricata,ATW Internet Kft.,3,1
suricata,Airline Internet Solutions India Private Limited,3,1
suricata,Alexhost Srl,3,1
suricata,Ascenty Data Centers e Telecomunicacoes S/A,3,2
suricata,BIZNET NETWORKS,3,2
suricata,BRASIL TECPAR AMIGO AVATO,3,2
suricata,Biznet ISP,3,2
suricata,CHINANET Guangdong province network,3,2
suricata,CHINANET Liaoning province Dalian MAN network,3,2
suricata,CHINATELECOM Jiangsu province Suzhou 5G network,3,2
suricata,CNServer LLC,3,2
suricata,CS LOXINFO PUBLIC COMPANY LIMITED,3,2
suricata,CTGNet,3,1
suricata,Cablevision Systems Corp.,3,2
suricata,"Charter Communications, Inc",3,1
suricata,ClearStack B.V.,3,1
suricata,Connect Telecomunicacoes LTDA,3,1
suricata,Cyprus Telecommunications Authority,3,1
suricata,Desktop Sigmanet Comunicacao Multimidia SA,3,1
suricata,Dialog Axiata PLC.,3,1
suricata,DigitalLink Global Network Limited,3,2
suricata,Diskominfo Kabupaten Trenggalek,3,1
suricata,Emirates Integrated Telecommunications Company PJSC,3,3
suricata,FlokiNET ehf,3,1
suricata,Fortune Telecom Company Limited,3,1
suricata,GETCARD PROVEDORA DE TRANSACOES ELETRONICAS LTDA,3,1
suricata,Gigacloud LLC,3,3
suricata,Globalconnect As,3,1
suricata,HGC Global Communications Limited,3,1
suricata,ICONA for IT and Telecom. LTD Co,3,1
suricata,Input Output Flood LLC,3,1
suricata,JSC DIVO,3,1
suricata,Kepler Technologies AB,3,1
suricata,Linktel Telecom do Brasil Ltda,3,1
suricata,MULTACOM CORPORATION,3,1
suricata,Midcontinent Communications,3,1
suricata,Moldtelecom SA,3,2
suricata,"Moçambique Telecom, SA",3,1
suricata,NForce Entertainment B.V.,3,1
suricata,NLS Kazakhstan LLC,3,1
suricata,National WiMAX/IMS environment,3,1
suricata,Nayatel (Pvt) Ltd,3,1
suricata,NetCrafters OU,3,1
suricata,NetSat Private Limited,3,1
suricata,Netinternet Bilisim Teknolojileri AS,3,1
suricata,Nextlink Broadband,3,2
suricata,Oc Networks Limited,3,1
suricata,PJSC Telesystems of Ukraine,3,1
suricata,PT INDONESIA COMNETS PLUS,3,2
suricata,PT Lintas Network Solusi,3,1
suricata,PT Quantum Tera Network,3,3
suricata,PT. EXABYTES NETWORK INDONESIA,3,1
suricata,Pemerintah Kabupaten Bojonegoro,3,1
suricata,Psychz Networks,3,3
suricata,Red Data (Pvt.) Limited,3,1
suricata,Route 95 LLC,3,2
suricata,SHYAM SPECTRA PVT LTD,3,2
suricata,Shaw Communications,3,2
suricata,Sul Online Telecom Ltda - EPP,3,1
suricata,Synapse Network LTD,3,1
suricata,TOT Public Company Limited,3,2
suricata,Telecel S.A.,3,2
suricata,Telecom Algeria,3,2
suricata,Telefonica del Sur S.A.,3,2
suricata,Thamrin Telekomunikasi Network PT.,3,1
suricata,Transtelco Inc,3,2
suricata,"University of California, San Diego",3,1
suricata,V tal,3,1
suricata,"VAINAVI INDUSTIES LTD, INTERNET SERVICE PROVIDER, INDIA",3,1
suricata,WorldStream B.V.,3,2
suricata,12651980 CANADA INC.,2,2
suricata,5G NETWORK OPERATIONS PTY LTD,2,1
suricata,"A2 Hosting, Inc.",2,1
suricata,ADISTA SAS,2,1
suricata,AZDIGI Corporation,2,1
suricata,Abissnet sh.a.,2,1
suricata,Agence Tunisienne Internet,2,1
suricata,Amnet Telecomunicaciones S.A.,2,1
suricata,Asmanfaraz Sepahan Company (P.J.S),2,1
suricata,Atmospherica Ltd.,2,1
suricata,B2 Net Solutions Inc.,2,2
suricata,BRMOM CONSTRUINDO CONEXOES LTDA,2,1
suricata,Bangladesh Online Ltd.,2,2
suricata,"Broadband ISP, FTTH and Cable Service Provider",2,1
suricata,CMC Telecom Infrastructure Company,2,2
suricata,"COLUMBUS NETWORKS DOMINICANA, S.A.",2,1
suricata,Cgi Global Limited,2,1
suricata,China Mobile Communicaitons Corporation,2,1
suricata,China Telecom Next Generation Carrier Network,2,1
suricata,Claro NXT Telecomunicacoes Ltda,2,2
suricata,Cloud Software - FZCO,2,1
suricata,"Commercial Center,",2,1
suricata,Connect Communication,2,1
suricata,Contabo Asia Private Limited,2,2
suricata,D-Vois Broadband Pvt Ltd,2,1
suricata,DESARROLLO DE INFRAESTRUCTURA DE TELECOMUNICACIONES PERU S.A.C. (INFRATEL),2,1
suricata,DIGI STAR INFO SOLUTIONS PRIVATE LIMITED,2,1
suricata,DINAS KOMUNIKASI DAN INFORMATIKA KUTAI KARTANEGARA,2,1
suricata,DINAS KOMUNIKASI INFORMATIKA DAN STATISTIK KOTA BLITAR,2,1
suricata,Dinas Komunikasi dan Informatika Kota Balikpapan,2,1
suricata,ESTO MEDIA PRIVATE LIMITED,2,1
suricata,ETISALAT MISR,2,2
suricata,EVEO S.A.,2,1
suricata,Elxer Communications Private Limited,2,2
suricata,Emirates Telecommunications Group Company (etisalat Group) Pjsc,2,2
suricata,FIBERISH (PVT) LTD,2,2
suricata,FOP Samoylenko Oleksandr Volodymirovich,2,1
suricata,FUNDACAO DE AMPARO A PESQUISA DO ESTADO SAO PAULO,2,1
suricata,Fbw Networks SAS,2,1
suricata,Fourplex Telecom LLC,2,2
suricata,"Frontier Communications of America, Inc.",2,2
suricata,Galaxy Communications,2,1
suricata,Getlinks (SMC-Private) Limited,2,1
suricata,Global Layer B.V.,2,2
suricata,Globe Telecom Inc.,2,1
suricata,Gwy It Pty Ltd,2,1
suricata,HARNET LLC,2,1
suricata,HKBN Enterprise Solutions HK Limited,2,1
suricata,HT,2,2
suricata,Hdtidc Limited,2,1
suricata,Hoshin Multimedia Center Inc.,2,2
suricata,Hostcenter,2,2
suricata,Huawei Cloud Service data center,2,1
suricata,HyosungITX,2,1
suricata,I Seven,2,1
suricata,"INDO Internet, PT",2,2
suricata,INTERCITY COMUNICACIONES S.A.,2,1
suricata,IT7 Networks Inc,2,1
suricata,IX Peering for Mobilink and Link Direct International.,2,1
suricata,Intelsc Ltd.,2,1
suricata,JSC ER-Telecom Holding,2,2
suricata,JSC Kazakhtelecom,2,2
suricata,JSC Selectel,2,2
suricata,Jl. Raya Pasar Minggu no 99D,2,1
suricata,Kar-Tel LLC,2,1
suricata,Kurdistan Net Company for Computer and Internet Ltd.,2,1
suricata,Kyonix Networks Limited,2,1
suricata,LLC Inovatsiyni Telekomunikatsii,2,1
suricata,M1 NET LTD,2,1
suricata,Malawi Research and Education Network - MAREN,2,1
suricata,Media Commerce Partners S.A,2,2
suricata,"NTT DOCOMO BUSINESS,Inc.",2,2
suricata,National Hospital of Tropical Diseases,2,1
suricata,"National Telecommunication Corporation HQ,",2,1
suricata,Netnam Company,2,1
suricata,Noyan Abr Arvan Co. ( Private Joint Stock),2,2
suricata,OOO NIIR-RadioNet,2,1
suricata,Ozkula Internet Hizmetleri Tic. LTD. STI.,2,1
suricata,PJSC Badr Rayan Jonoob,2,1
suricata,PT Beibi Cemerlang Indonesia,2,1
suricata,PT Industri Kreatif Digital,2,2
suricata,PT Remala Abadi,2,1
suricata,PT Seeplus Media Transformasi,2,1
suricata,PT Solusi Integra Datakom,2,2
suricata,PT iForte Global Internet,2,2
suricata,PT. Usaha Adisanggoro,2,2
suricata,Parus-Telecom Ltd.,2,1
suricata,Pishgaman Toseeh Ertebatat Company (Private Joint Stock),2,2
suricata,Powergrid Teleservices Limited,2,1
suricata,Private Joint Stock Company datagroup,2,1
suricata,Qwistel Network Service Private Limited,2,2
suricata,RPC HomeNet Ltd.,2,1
suricata,Rackhost Zrt.,2,1
suricata,"RapidScale, Inc",2,1
suricata,Redoubt Networks,2,1
suricata,Reliance Jio Infocomm Limited,2,2
suricata,Riderz Network Broadband (Private) Limited,2,1
suricata,RoyaleHosting BV,2,2
suricata,SAINT ICT CONSULTANTS (PTY) LTD,2,1
suricata,"SHINSEGAE I C Co., Ltd.",2,1
suricata,SIDI SERVICOS DE COMUNICACAO LTDA-ME,2,1
suricata,Safaricom Limited,2,2
suricata,Serva One Ltd,2,1
suricata,Sichuan Chuanxn IDC,2,1
suricata,SkyNet Telecomunicacoes,2,1
suricata,"Southern New England Telephone Company and SNET America, Inc.",2,1
suricata,Stg Software Solution Pvt Ltd,2,1
suricata,Symphony Communication (Thailand) PCL.,2,1
suricata,TBC,2,1
suricata,TIM S/A,2,1
suricata,"TOTAL PLAY TELECOMUNICACIONES, S.A.P.I. DE C.V.",2,2
suricata,TTSL-ISP DIVISION,2,1
suricata,Telium Telecomunicacoes Ltda,2,1
suricata,Tier 4 Cloud Services,2,1
suricata,TransitX Ltd,2,1
suricata,TurkNet Iletisim Hizmetleri A.S.,2,2
suricata,Two Degrees Networks Limited,2,1
suricata,UNIDATA S.p.A.,2,1
suricata,UNIVERSITAS PARAMADINA,2,1
suricata,URLSTART,2,1
suricata,VIETSERVER SERVICES TECHNOLOGY COMPANY LIMITED,2,1
suricata,VOIP ME,2,1
suricata,Vodafone Spain,2,2
suricata,Volia-Cable LLC,2,1
suricata,WAVE PLUS INTERNET LTDA ME,2,1
suricata,WI-NET TELECOM S.A.C.,2,2
suricata,WINNET BRASIL LTDA,2,1
suricata,Wind Tre S.p.A.,2,1
suricata,Windstream Communications LLC,2,1
suricata,Wowrack.com,2,1
suricata,fastCLOUD,2,1
suricata,netplus.ch SA,2,1
suricata,tianjin Mobile Communication Company Limited,2,1
suricata,1651884 Ontario Inc.,1,1
suricata,23M GmbH,1,1
suricata,ADN Telecom Ltd.,1,1
suricata,AFRIHOST SP (PTY) LTD,1,1
suricata,AKNET Ltd.,1,1
suricata,ANGKOR DATA COMMUNICATION,1,1
suricata,ARTERIA Networks Corporation,1,1
suricata,Administracion Nacional de Telecomunicaciones,1,1
suricata,Algerian Academic Research Network,1,1
suricata,Alma Jessica Gallegos Gutierrez,1,1
suricata,Amatek Ltd,1,1
suricata,America Movil Peru S.A.C.,1,1
suricata,Annet Ltd.,1,1
suricata,"Another Corporate ISP, LLC",1,1
suricata,Anton Levin,1,1
suricata,Anton Tytiuk,1,1
suricata,Atlas Networks Corporation,1,1
suricata,"Axarnet Comunicaciones, S.l.",1,1
suricata,Aztelekom LLC,1,1
suricata,BEN TELECOM,1,1
suricata,BLUEZONE INTERNET INC,1,1
suricata,BR.Digital Telecom,1,1
suricata,"BTS Communications (BD) ltd,",1,1
suricata,Bach Kim Network solutions Join stock company,1,1
suricata,"Bangladesh Telecommunications Company Limited (BTCL), Nationwide PSTN Operator and Data and ",1,1
suricata,Beanfield Technologies Inc.,1,1
suricata,Bell Canada,1,1
suricata,Beyon B.s.c.,1,1
suricata,Black Mesa Corporation,1,1
suricata,Broadband Botswana Internet,1,1
suricata,"Broadband VI, LLC",1,1
suricata,CDZNET DATACENTER LTDA,1,1
suricata,CHINATELECOM Guangdong province Zhuhai 5G network,1,1
suricata,"CHINATELECOM JiangSu YangZhou IDC networkdescr: YangZhou , Jiangsu Province, P.R.China.",1,1
suricata,COLOMBIA TELECOMUNICACIONES S.A. ESP BIC,1,1
suricata,CONEXION DIRECTA TELECOM S.A.C.,1,1
suricata,CORETEL NETWORKS (INTERNATIONAL) PTE LTD,1,1
suricata,CTINET SOLUCOES EM CONECTIVIDADE E INFORMATICA LTD,1,1
suricata,Cable & Wireless Panama,1,1
suricata,Cable ISP in India,1,1
suricata,Cable Onda,1,1
suricata,Centre de Calcul El Khawarizmi,1,1
suricata,China Unicom,1,1
suricata,China Unicom Guangdong IP network,1,1
suricata,Cincinnati Bell Telephone Company LLC,1,1
suricata,Closed Joint Stock Company AbkhazMedia,1,1
suricata,Coelho Tecnologia,1,1
suricata,"Cogetel Online, Cambodia, ISP",1,1
suricata,Compania Dominicana de Telefonos S. A.,1,1
suricata,Corporate Colocation Inc.,1,1
suricata,Cotel Ltda.,1,1
suricata,Crisp Enterprises,1,1
suricata,Cyberspace Technologies Ltd.,1,1
suricata,"DIRECTO TELECOM, S.A. DE C.V.",1,1
suricata,Datagear LLP,1,1
suricata,Dataline LLC,1,1
suricata,Digicon Telecommunication Ltd,1,1
suricata,Dimension Data,1,1
suricata,Diskominfo Kabupaten Humbang Hasundutan,1,1
suricata,EB FOX TELECOM LTDA,1,1
suricata,EWS DS Networks Inc,1,1
suricata,EXPERTOS EN TECNOLOGIA Y TELECOMUNICACIONES S.A.S,1,1
suricata,Emex Internet,1,1
suricata,"Empresa de Telecomunicaciones de Cuba, S.A.",1,1
suricata,Equinix (EMEA) Acquisition Enterprises B.V.,1,1
suricata,"Etihad Etisalat, a joint stock company",1,1
suricata,Evoke Digital Solutions,1,1
suricata,Evoxt Sdn. Bhd.,1,1
suricata,Excellmedia,1,1
suricata,FAB FIVE NETWORK PRIVATE LIMITED,1,1
suricata,FIRENET SERVICOS DE TELECOMUNICACOES LTDA,1,1
suricata,FLEXUS TELECOM LTDA,1,1
suricata,FPT Smart Cloud Company Limited,1,1
suricata,"FiberState, LLC",1,1
suricata,First Server Limited,1,1
suricata,Florian Kolb,1,1
suricata,Freedom Data Centers LLP,1,1
suricata,Frontal Integrateg Solutions Srl,1,1
suricata,Fuzhou,1,1
suricata,G6 Internet,1,1
suricata,GIGA MAIS FIBRA TELECOMUNICACOES S.A.,1,1
suricata,GNC-Alfa CJSC,1,1
suricata,GOLDEN LINK,1,1
suricata,GOSTARESH-E-ERTEBATAT-E MABNA COMPANY (Private Joint Stock),1,1
suricata,GTR NET COMUNICACOES EIRELI,1,1
suricata,Gemnet Enterprise Solutions Pvt Ltd,1,1
suricata,Genc BT Bilisim Teknolojileri Limited Sirketi,1,1
suricata,GlobalConnect A/S,1,1
suricata,Gmina Lublin,1,1
suricata,GoodLeaf Hosting & Development LLC,1,1
suricata,Gtd Internet S.A.,1,1
suricata,Gujarat Telelink Pvt Ltd,1,1
suricata,HUGHES TELECOMUNICACOES DO BRASIL LTDA.,1,1
suricata,Hispar Networks Pvt Ltd,1,1
suricata,Host Sailor Ltd,1,1
suricata,Hostglobal.plus Ltd,1,1
suricata,Hosting Dunyam Bilisim Teknolojileri Ticaret Limited Sirketi,1,1
suricata,Hostzone Tecnologia LTDA,1,1
suricata,ICUK Computing Services Limited,1,1
suricata,"IDS Bangladesh. IP Transit provider. Dhaka, Bangladesh",1,1
suricata,INDINET SERVICE PRIVATE LIMITED,1,1
suricata,INDOSAT Internet Network Provider,1,1
suricata,INET TELECOM E INFORMATICA LTDA,1,1
suricata,INFYNIX DATA SERVICES PRIVATE LIMITED,1,1
suricata,IPACCT CABLE Ltd,1,1
suricata,Iclix (PTY) Ltd,1,1
suricata,Igra-service LLC,1,1
suricata,Ihor Hosting Ltd,1,1
suricata,Iic Rail Limited,1,1
suricata,IncoNet Data Management sal,1,1
suricata,Infinivan Incorporated,1,1
suricata,Intensy Cloud Services Pvt Ltd,1,1
suricata,International Hosting Company Limited,1,1
suricata,Ipunet Telecomunicacoes Ltda,1,1
suricata,Italnet Telecomunicacoes Ltda,1,1
suricata,"JINHUA, ZHEJIANG Province, P.R.China.",1,1
suricata,JSC Mediasoft ekspert,1,1
suricata,JT TELECOM INTERNATIONAL PTE.LTD.,1,1
suricata,JasTel Network,1,1
suricata,Joint-stock Company teleport Telecom,1,1
suricata,Jupiter Media Joint Stock Company,1,1
suricata,Jusan Mobile JSC,1,1
suricata,KAGOYA JAPAN Inc.,1,1
suricata,KCOM Group Limited,1,1
suricata,Korbank S. A.,1,1
suricata,Kyivstar PJSC,1,1
suricata,LIBERTY NETWORKS DE COLOMBIA S.A.S,1,1
suricata,LLC Digital Network,1,1
suricata,LLC net Solutions,1,1
suricata,Law's Cloud Infrastructure Limited,1,1
suricata,Lifecell Digital Ltd,1,1
suricata,Limited Liability Company best Solutions,1,1
suricata,Long Van Soft Solution JSC,1,1
suricata,MEDITELECOM,1,1
suricata,MEGALINK S.R.L.,1,1
suricata,MUNI S.A,1,1
suricata,ManagedWay,1,1
suricata,Marcos Raniell Pinheiro Oliveira,1,1
suricata,Maria Teresa Vivar (CITYCOM),1,1
suricata,"Maxnet Telecom, Ltd",1,1
suricata,Ministry of Communication & IT,1,1
suricata,Mobile Communication Company of Iran PLC,1,1
suricata,Mobile Telecommunication Company Saudi Arabia Joint-Stock company,1,1
suricata,Mobin Arvand Infrastructure Company LTD,1,1
suricata,N963 PTE. LTD.,1,1
suricata,NB INFORMATICA,1,1
suricata,NET2ATLANTA.COM LLC,1,1
suricata,"NINGBO, ZHEJIANG Province, P.R.China.",1,1
suricata,"Namecheap, Inc.",1,1
suricata,Nasstec Airnet Networks Private Limited,1,1
suricata,Natalia Sergeevna Filicheva,1,1
suricata,Naukowa I Akademicka Siec Komputerowa - Panstwowy Instytut Badawczy,1,1
suricata,Nechaev Dmitry Sergeevich,1,1
suricata,Nekobyte International Limited,1,1
suricata,Netplus Broadband Services Private Limited,1,1
suricata,Netstra Communications Pvt Ltd,1,1
suricata,"NextGenWebs, S.L.",1,1
suricata,Nextgen Communications Srl,1,1
suricata,"Nocix, LLC",1,1
suricata,Node Host Limited,1,1
suricata,Norte.Net Telecomunicacoes Ltda,1,1
suricata,OJSC Kyrgyztelecom,1,1
suricata,OOO WestCall Ltd.,1,1
suricata,OTEnet S.A.,1,1
suricata,Objedinennye Seti LLC,1,1
suricata,Odido Netherlands B.V.,1,1
suricata,Omniline Investment s.r.o.,1,1
suricata,OnNet Telecomunicacoes LTDA,1,1
suricata,Ooredoo Q.S.C.,1,1
suricata,Optimum,1,1
suricata,Optinet LLP,1,1
suricata,Orange,1,1
suricata,Orange Madagascar,1,1
suricata,Oy Crea Nova Hosting Solution Ltd,1,1
suricata,PE Skurykhin Mukola Volodumurovuch,1,1
suricata,PEMERINTAH KABUPATEN TEMANGGUNG,1,1
suricata,PLAY BROADBAND (PRIVATE) LIMITED,1,1
suricata,POLVO TELECOMUNICACOES EIRELLI,1,1
suricata,PT Berkah Solusi Teknologi Informasi,1,1
suricata,PT Cyberindo Aditama,1,1
suricata,PT DINAMIKA MEDIAKOM,1,1
suricata,PT INTER MEDIALINK SOLUSI,1,1
suricata,PT Infotech Tantami Nusantara,1,1
suricata,PT JEMBATAN CITRA NUSANTARA,1,1
suricata,PT Maxindo Mitra Solusi,1,1
suricata,PT Media Solusi Sukses,1,1
suricata,PT Solusi Data Cepat,1,1
suricata,PT. Arana Teknologi Indonesia,1,1
suricata,PT. Arthatama Adhiprima Persada,1,1
suricata,PT. Beon Intermedia,1,1
suricata,PT. Cloudata Indonesia,1,1
suricata,PT. Dutakom Wibawa Putra,1,1
suricata,PT. Fiber Networks Indonesia,1,1
suricata,PT. INDONESIA BISNIS DIGITAL,1,1
suricata,PT. Telekomunikasi Selular,1,1
suricata,"PTO Videokanal, Ltd.",1,1
suricata,Padmnet Broadband Service Pvt. Ltd.,1,1
suricata,Pakistan Software Export Board,1,1
suricata,Palestine Telecommunications Company (PALTEL),1,1
suricata,Paragould Municipal Utilities,1,1
suricata,Partner Communications Ltd.,1,1
suricata,Proximus NV,1,1
suricata,"Qingdao,266000",1,1
suricata,R&R Managed Telecom Services,1,1
suricata,R. COSTA DO NASCIMENTO,1,1
suricata,RACK SPHERE HOSTING S.A.,1,1
suricata,"RADIUS TELECOMS, INC.",1,1
suricata,RCN,1,1
suricata,RELIED S.A.S.,1,1
suricata,RTC Communications,1,1
suricata,Radiobaylanys LLP,1,1
suricata,Rede Nacional de Ensino e Pesquisa,1,1
suricata,Respina Networks & Beyond PJSC,1,1
suricata,Ronaldo Pereira Pancielli - ME,1,1
suricata,SAKURA Internet Inc.,1,1
suricata,SAKURA LTD.,1,1
suricata,SIXTH STAR TECHNOLOGIES,1,1
suricata,SKY SYSTEMS LTD,1,1
suricata,"SMART AXIATA Co., Ltd.",1,1
suricata,SMILESERV,1,1
suricata,SOC. COMERCIAL WIRENET CHILE LTDA.,1,1
suricata,SPTEL PTE. LTD.,1,1
suricata,ST DIGITAL,1,1
suricata,SaiGon Tourist cable Televition Company,1,1
suricata,Sapinet SAS,1,1
suricata,Sepanta Communication Development Co. Ltd,1,1
suricata,Sesan Service Numerique De Sante Gcs,1,1
suricata,Shandong Mobile Communication Company Limited,1,1
suricata,Shinjiru Technology Sdn Bhd,1,1
suricata,Shunkhlai Group,1,1
suricata,Sikka Cable,1,1
suricata,Singtel Fibre Broadband,1,1
suricata,Society of Mali's Telecommunications (SOTELMA),1,1
suricata,Soldatov Alexey Valerevich,1,1
suricata,Sony Europe B.V.,1,1
suricata,Sony Network Communications Inc.,1,1
suricata,Special Communication Organization,1,1
suricata,StormyCloud Inc,1,1
suricata,T-Mobile Austria GmbH,1,1
suricata,TATA Communications formerly VSNL is Leading ISP,1,1
suricata,TELEFONICA CHILE S.A.,1,1
suricata,TELEKOM SRBIJA a.d.,1,1
suricata,TELUS Communications Inc.,1,1
suricata,TPG Telecom Limited,1,1
suricata,TRI TELECOM LTDA,1,1
suricata,Tata Teleservices ISP AS,1,1
suricata,TelKos L.L.C,1,1
suricata,"Tele Globe Global, PT",1,1
suricata,Teleglobal Communications Pvt Ltd,1,1
suricata,Telekomunikasi Indonesia International (Hong Kong) Limited,1,1
suricata,Telenor Sverige AB,1,1
suricata,"Television Internacional, S.A. de C.V.",1,1
suricata,The Infrastructure Group B.V.,1,1
suricata,Toroptsev Igor,1,1
suricata,UAB Bacloud,1,1
suricata,UNE EPM TELECOMUNICACIONES S.A.,1,1
suricata,UNIVERSITY OF INCHEON,1,1
suricata,UWBR VOX Telecomunicacoes S/A,1,1
suricata,Universal Telecom S.A.,1,1
suricata,Uzbektelekom Joint Stock Company,1,1
suricata,VEE TIME CORP.,1,1
suricata,VERO S.A,1,1
suricata,VIACONNECT PROVEDOR DE INTERNET BANDA LARGA LTDAME,1,1
suricata,VIET NAM CLOUD TECHNOLOGY JOINT STOCK COMPANY,1,1
suricata,VIZAG BROADCASTING COMPANY PVT. LTD,1,1
suricata,Vic Grup SRL,1,1
suricata,Vietservice Technology Company Limited,1,1
suricata,Vision telecom Private limited,1,1
suricata,Vivacom Bulgaria EAD,1,1
suricata,Vodacom,1,1
suricata,Web Werks India Pvt. Ltd.,1,1
suricata,"WholeSale Internet, Inc.",1,1
suricata,"Widya Intersat Nusantara, PT",1,1
suricata,Wifmax S.A de C.V.,1,1
suricata,"Yuan-Jhen Info., Co., Ltd",1,1
suricata,ZAP-Hosting GmbH,1,1
suricata,Zain Bahrain B.s.c.,1,1
suricata,aurologic GmbH,1,1
suricata,e-Quest IT-diensten B.V.,1,1
suricata,euNetworks GmbH,1,1
suricata,ist Telekom Jv LLC,1,1
suricata,w1n ltd,1,1
suricata,xTom Japan Corporation,1,1
