hour,rdphoneypot.login,rdphoneypot.session.closed,rdphoneypot.session.connect
2026-08-26 04:00:00+00:00,0,6,6
2026-08-26 05:00:00+00:00,0,1,1
2026-08-26 06:00:00+00:00,0,33,33
2026-08-26 07:00:00+00:00,0,36,36
2026-08-26 08:00:00+00:00,0,33,33
2026-08-26 09:00:00+00:00,0,2,2
2026-08-26 10:00:00+00:00,0,21,21
2026-08-26 11:00:00+00:00,0,15,15
2026-08-26 12:00:00+00:00,0,2,2
2026-08-26 13:00:00+00:00,0,31,31
2026-08-26 14:00:00+00:00,0,60,60
2026-08-26 15:00:00+00:00,0,73,73
2026-08-26 16:00:00+00:00,0,53,53
2026-08-26 17:00:00+00:00,0,56,56
2026-08-26 18:00:00+00:00,0,59,59
2026-08-26 19:00:00+00:00,0,63,63
2026-08-26 20:00:00+00:00,0,52,52
2026-08-26 21:00:00+00:00,0,54,54
2026-08-26 22:00:00+00:00,0,62,62
2026-08-26 23:00:00+00:00,0,59,59
2026-08-27 01:00:00+00:00,0,3,3
2026-08-27 02:00:00+00:00,0,52,52
2026-08-27 03:00:00+00:00,0,56,56
2026-08-27 04:00:00+00:00,0,58,58
2026-08-27 05:00:00+00:00,0,55,55
2026-08-27 06:00:00+00:00,0,294,294
2026-08-27 07:00:00+00:00,0,374,374
2026-08-27 08:00:00+00:00,0,104,104
2026-08-27 09:00:00+00:00,0,54,54
2026-08-27 10:00:00+00:00,0,53,53
2026-08-27 11:00:00+00:00,0,64,64
2026-08-27 12:00:00+00:00,0,74,74
2026-08-27 13:00:00+00:00,0,99,99
2026-08-27 14:00:00+00:00,1,115,115
2026-08-27 15:00:00+00:00,0,98,98
2026-08-27 16:00:00+00:00,0,63,63
2026-08-27 17:00:00+00:00,0,56,56
2026-08-27 18:00:00+00:00,0,62,62
2026-08-27 19:00:00+00:00,0,51,51
2026-08-27 20:00:00+00:00,0,51,51
2026-08-27 21:00:00+00:00,0,52,52
2026-08-27 22:00:00+00:00,0,48,48
2026-08-27 23:00:00+00:00,0,54,54
2026-08-28 01:00:00+00:00,0,5,5
2026-08-28 02:00:00+00:00,0,54,54
2026-08-28 03:00:00+00:00,0,52,52
2026-08-28 04:00:00+00:00,0,52,52
2026-08-28 05:00:00+00:00,0,53,53
2026-08-28 06:00:00+00:00,0,89,89
2026-08-28 07:00:00+00:00,0,96,96
2026-08-28 08:00:00+00:00,0,225,225
2026-08-28 09:00:00+00:00,0,199,199
2026-08-28 10:00:00+00:00,0,194,194
2026-08-28 11:00:00+00:00,0,191,191
2026-08-28 12:00:00+00:00,0,184,184
2026-08-28 13:00:00+00:00,0,183,183
2026-08-28 14:00:00+00:00,0,213,213
2026-08-28 15:00:00+00:00,1,189,189
2026-08-28 16:00:00+00:00,0,184,184
2026-08-28 17:00:00+00:00,0,191,201
2026-08-28 18:00:00+00:00,0,186,186
2026-08-28 19:00:00+00:00,0,184,184
2026-08-28 20:00:00+00:00,1,170,170
2026-08-28 21:00:00+00:00,0,194,194
2026-08-28 22:00:00+00:00,0,168,168
2026-08-28 23:00:00+00:00,9,173,173
2026-08-29 01:00:00+00:00,2,13,13
2026-08-29 02:00:00+00:00,32,195,195
2026-08-29 03:00:00+00:00,24,200,200
2026-08-29 04:00:00+00:00,27,310,310
2026-08-29 05:00:00+00:00,29,305,305
2026-08-29 06:00:00+00:00,26,304,304
2026-08-29 07:00:00+00:00,28,299,299
2026-08-29 08:00:00+00:00,34,304,304
2026-08-29 09:00:00+00:00,29,374,374
2026-08-29 10:00:00+00:00,26,757,757
2026-08-29 11:00:00+00:00,29,758,758
2026-08-29 12:00:00+00:00,19,743,743
2026-08-29 13:00:00+00:00,27,744,744
2026-08-29 14:00:00+00:00,43,757,757
2026-08-29 15:00:00+00:00,26,744,744
2026-08-29 16:00:00+00:00,25,751,752
2026-08-29 17:00:00+00:00,27,743,742
2026-08-29 18:00:00+00:00,29,743,743
2026-08-29 19:00:00+00:00,35,758,758
2026-08-29 20:00:00+00:00,28,750,750
2026-08-29 21:00:00+00:00,27,752,752
2026-08-29 22:00:00+00:00,28,839,839
2026-08-29 23:00:00+00:00,29,985,985
2026-08-30 01:00:00+00:00,2,41,41
2026-08-30 02:00:00+00:00,30,532,532
2026-08-30 03:00:00+00:00,25,530,539
2026-08-30 04:00:00+00:00,28,566,566
2026-08-30 05:00:00+00:00,31,576,576
2026-08-30 06:00:00+00:00,30,568,569
2026-08-30 07:00:00+00:00,37,573,572
2026-08-30 08:00:00+00:00,28,523,523
2026-08-30 09:00:00+00:00,29,523,523
2026-08-30 10:00:00+00:00,24,519,519
2026-08-30 11:00:00+00:00,27,494,494
2026-08-30 12:00:00+00:00,23,599,599
2026-08-30 13:00:00+00:00,24,727,727
2026-08-30 14:00:00+00:00,33,719,724
2026-08-30 15:00:00+00:00,25,724,724
2026-08-30 16:00:00+00:00,22,719,719
2026-08-30 17:00:00+00:00,25,705,705
2026-08-30 18:00:00+00:00,25,708,709
2026-08-30 19:00:00+00:00,29,714,713
2026-08-30 20:00:00+00:00,18,703,703
2026-08-30 21:00:00+00:00,40,714,714
2026-08-30 22:00:00+00:00,25,591,591
2026-08-30 23:00:00+00:00,26,581,581
2026-08-31 01:00:00+00:00,1,42,42
2026-08-31 02:00:00+00:00,25,690,690
2026-08-31 03:00:00+00:00,23,562,562
2026-08-31 04:00:00+00:00,25,600,601
2026-08-31 05:00:00+00:00,21,604,604
2026-08-31 06:00:00+00:00,22,578,578
2026-08-31 07:00:00+00:00,22,586,586
2026-08-31 08:00:00+00:00,21,581,581
2026-08-31 09:00:00+00:00,22,573,573
2026-08-31 10:00:00+00:00,24,343,343
2026-08-31 11:00:00+00:00,22,330,330
2026-08-31 12:00:00+00:00,21,334,334
2026-08-31 13:00:00+00:00,20,362,362
2026-08-31 14:00:00+00:00,26,586,587
2026-08-31 15:00:00+00:00,60,608,608
2026-08-31 16:00:00+00:00,20,601,600
2026-08-31 17:00:00+00:00,25,311,311
2026-08-31 18:00:00+00:00,22,338,338
2026-08-31 19:00:00+00:00,23,301,301
2026-08-31 20:00:00+00:00,25,301,301
2026-08-31 21:00:00+00:00,21,302,302
2026-08-31 22:00:00+00:00,23,317,317
2026-08-31 23:00:00+00:00,21,300,300
2026-09-01 01:00:00+00:00,2,23,23
2026-09-01 02:00:00+00:00,21,301,301
2026-09-01 03:00:00+00:00,23,291,291
2026-09-01 04:00:00+00:00,19,293,293
2026-09-01 05:00:00+00:00,24,294,294
2026-09-01 06:00:00+00:00,26,298,298
2026-09-01 07:00:00+00:00,15,294,294
2026-09-01 08:00:00+00:00,16,639,639
2026-09-01 09:00:00+00:00,20,829,829
2026-09-01 10:00:00+00:00,21,741,742
2026-09-01 11:00:00+00:00,19,439,438
2026-09-01 12:00:00+00:00,20,418,418
2026-09-01 13:00:00+00:00,27,407,407
2026-09-01 14:00:00+00:00,17,421,421
2026-09-01 15:00:00+00:00,20,401,401
2026-09-01 16:00:00+00:00,26,397,397
2026-09-01 17:00:00+00:00,22,394,394
2026-09-01 18:00:00+00:00,20,675,675
2026-09-01 19:00:00+00:00,22,721,721
2026-09-01 20:00:00+00:00,17,515,522
2026-09-01 21:00:00+00:00,24,403,403
2026-09-01 22:00:00+00:00,25,464,464
2026-09-01 23:00:00+00:00,26,482,482
2026-09-02 00:00:00+00:00,22,457,457
2026-09-02 01:00:00+00:00,21,417,410
2026-09-02 02:00:00+00:00,22,431,431
2026-09-02 03:00:00+00:00,21,427,427
2026-09-02 04:00:00+00:00,21,431,431
2026-09-02 05:00:00+00:00,19,415,415
2026-09-02 06:00:00+00:00,23,426,426
2026-09-02 07:00:00+00:00,24,505,506
2026-09-02 08:00:00+00:00,29,424,424
2026-09-02 09:00:00+00:00,133,525,524
2026-09-02 10:00:00+00:00,177,637,637
2026-09-02 11:00:00+00:00,173,665,666
2026-09-02 12:00:00+00:00,171,618,617
2026-09-02 13:00:00+00:00,179,639,639
2026-09-02 14:00:00+00:00,231,657,658
2026-09-02 15:00:00+00:00,223,691,691
2026-09-02 16:00:00+00:00,230,688,688
2026-09-02 17:00:00+00:00,226,654,654
2026-09-02 18:00:00+00:00,175,497,497
2026-09-02 19:00:00+00:00,634,952,953
2026-09-02 20:00:00+00:00,6529,6844,6844
2026-09-02 21:00:00+00:00,6569,6902,6902
2026-09-02 22:00:00+00:00,6608,6948,6947
2026-09-02 23:00:00+00:00,6567,6951,6953
2026-09-03 00:00:00+00:00,6450,6807,6806
2026-09-03 01:00:00+00:00,6182,6527,6526
2026-09-03 02:00:00+00:00,2142,2425,2425
2026-09-03 03:00:00+00:00,27,311,310
2026-09-03 04:00:00+00:00,20,375,375
2026-09-03 05:00:00+00:00,23,188,188
2026-09-03 06:00:00+00:00,26,137,137
2026-09-03 07:00:00+00:00,19,134,134
2026-09-03 08:00:00+00:00,22,126,127
2026-09-03 09:00:00+00:00,24,135,134
2026-09-03 10:00:00+00:00,22,154,154
2026-09-03 11:00:00+00:00,20,142,142
2026-09-03 12:00:00+00:00,27,143,143
2026-09-03 13:00:00+00:00,19,133,133
2026-09-03 14:00:00+00:00,22,133,133
2026-09-03 15:00:00+00:00,25,231,231
2026-09-03 16:00:00+00:00,20,138,138
2026-09-03 17:00:00+00:00,21,82,82
2026-09-03 18:00:00+00:00,23,124,124
2026-09-03 19:00:00+00:00,24,113,113
2026-09-03 20:00:00+00:00,17,107,107
2026-09-03 21:00:00+00:00,27,166,166
2026-09-03 22:00:00+00:00,20,201,201
2026-09-03 23:00:00+00:00,22,172,172
2026-09-04 00:00:00+00:00,21,163,163
2026-09-04 01:00:00+00:00,21,161,161
2026-09-04 02:00:00+00:00,19,385,385
2026-09-04 03:00:00+00:00,23,202,202
2026-09-04 04:00:00+00:00,22,375,375
2026-09-04 05:00:00+00:00,17,97,97
2026-09-04 06:00:00+00:00,19,388,388
2026-09-04 07:00:00+00:00,26,203,203
2026-09-04 08:00:00+00:00,20,360,360
2026-09-04 09:00:00+00:00,19,255,255
2026-09-04 10:00:00+00:00,17,180,180
2026-09-04 11:00:00+00:00,25,410,410
2026-09-04 12:00:00+00:00,19,172,172
2026-09-04 13:00:00+00:00,24,398,398
2026-09-04 14:00:00+00:00,20,157,157
2026-09-04 15:00:00+00:00,21,337,337
2026-09-04 16:00:00+00:00,22,147,147
2026-09-04 17:00:00+00:00,19,385,385
2026-09-04 18:00:00+00:00,25,150,150
2026-09-04 19:00:00+00:00,20,224,224
2026-09-04 20:00:00+00:00,25,299,299
2026-09-04 21:00:00+00:00,19,135,135
2026-09-04 22:00:00+00:00,20,369,369
2026-09-04 23:00:00+00:00,74,182,185
2026-09-05 00:00:00+00:00,446,564,561
2026-09-05 01:00:00+00:00,582,692,692
2026-09-05 02:00:00+00:00,424,524,524
2026-09-05 03:00:00+00:00,440,554,554
2026-09-05 04:00:00+00:00,436,574,576
2026-09-05 05:00:00+00:00,419,554,558
2026-09-05 06:00:00+00:00,446,581,580
2026-09-05 07:00:00+00:00,425,518,519
2026-09-05 08:00:00+00:00,414,558,559
2026-09-05 09:00:00+00:00,408,557,557
2026-09-05 10:00:00+00:00,434,592,592
2026-09-05 11:00:00+00:00,457,607,609
2026-09-05 12:00:00+00:00,481,618,619
2026-09-05 13:00:00+00:00,488,609,608
2026-09-05 14:00:00+00:00,482,590,590
2026-09-05 15:00:00+00:00,484,595,595
2026-09-05 16:00:00+00:00,463,582,583
2026-09-05 17:00:00+00:00,452,564,563
2026-09-05 18:00:00+00:00,517,635,636
2026-09-05 19:00:00+00:00,491,613,613
2026-09-05 20:00:00+00:00,507,636,636
2026-09-05 21:00:00+00:00,584,706,706
2026-09-05 22:00:00+00:00,549,729,730
2026-09-05 23:00:00+00:00,601,719,718
2026-09-06 00:00:00+00:00,577,696,697
2026-09-06 01:00:00+00:00,548,678,667
2026-09-06 02:00:00+00:00,487,611,611
2026-09-06 03:00:00+00:00,520,674,674
2026-09-06 04:00:00+00:00,481,628,629
2026-09-06 05:00:00+00:00,484,650,650
2026-09-06 06:00:00+00:00,492,634,635
2026-09-06 07:00:00+00:00,497,645,644
2026-09-06 08:00:00+00:00,472,671,672
2026-09-06 09:00:00+00:00,478,675,674
2026-09-06 10:00:00+00:00,476,589,589
2026-09-06 11:00:00+00:00,544,645,645
2026-09-06 12:00:00+00:00,567,667,668
2026-09-06 13:00:00+00:00,526,665,667
2026-09-06 14:00:00+00:00,507,668,665
2026-09-06 15:00:00+00:00,544,708,708
2026-09-06 16:00:00+00:00,576,746,746
2026-09-06 17:00:00+00:00,596,771,772
2026-09-06 18:00:00+00:00,611,755,754
2026-09-06 19:00:00+00:00,618,719,720
2026-09-06 20:00:00+00:00,588,681,681
2026-09-06 21:00:00+00:00,561,695,695
2026-09-06 22:00:00+00:00,597,731,731
2026-09-06 23:00:00+00:00,566,703,706
2026-09-07 00:00:00+00:00,124,270,277
2026-09-07 01:00:00+00:00,89,260,248
2026-09-07 02:00:00+00:00,27,178,179
2026-09-07 03:00:00+00:00,23,189,188
2026-09-07 04:00:00+00:00,22,179,179
2026-09-07 05:00:00+00:00,23,176,176
2026-09-07 06:00:00+00:00,25,174,175
2026-09-07 07:00:00+00:00,23,200,199
2026-09-07 08:00:00+00:00,24,221,221
2026-09-07 09:00:00+00:00,24,288,288
2026-09-07 10:00:00+00:00,28,193,193
2026-09-07 11:00:00+00:00,71,200,200
2026-09-07 12:00:00+00:00,139,270,270
2026-09-07 13:00:00+00:00,126,238,239
2026-09-07 14:00:00+00:00,134,233,232
2026-09-07 15:00:00+00:00,120,263,263
2026-09-07 16:00:00+00:00,126,297,297
2026-09-07 17:00:00+00:00,134,289,289
2026-09-07 18:00:00+00:00,136,301,301
2026-09-07 19:00:00+00:00,133,250,252
2026-09-07 20:00:00+00:00,132,235,234
2026-09-07 21:00:00+00:00,130,233,233
2026-09-07 22:00:00+00:00,492,614,615
2026-09-07 23:00:00+00:00,1295,1413,1412
2026-09-08 00:00:00+00:00,135,246,246
2026-09-08 01:00:00+00:00,123,223,222
2026-09-08 02:00:00+00:00,28,127,127
2026-09-08 03:00:00+00:00,72,175,176
2026-09-08 04:00:00+00:00,289,403,408
2026-09-08 05:00:00+00:00,275,414,421
2026-09-08 06:00:00+00:00,260,434,444
2026-09-08 07:00:00+00:00,274,423,425
2026-09-08 08:00:00+00:00,272,386,390
2026-09-08 09:00:00+00:00,266,383,392
2026-09-08 10:00:00+00:00,285,423,429
2026-09-08 11:00:00+00:00,282,406,410
2026-09-08 12:00:00+00:00,279,407,412
2026-09-08 13:00:00+00:00,212,338,343
2026-09-08 14:00:00+00:00,287,399,399
2026-09-08 15:00:00+00:00,293,411,419
2026-09-08 16:00:00+00:00,215,329,329
2026-09-08 17:00:00+00:00,215,325,326
2026-09-08 18:00:00+00:00,177,300,299
2026-09-08 19:00:00+00:00,165,270,271
2026-09-08 20:00:00+00:00,42,156,155
2026-09-08 21:00:00+00:00,22,125,125
2026-09-08 22:00:00+00:00,17,125,125
2026-09-08 23:00:00+00:00,24,139,139
2026-09-09 00:00:00+00:00,21,124,124
2026-09-09 01:00:00+00:00,20,181,115
2026-09-09 02:00:00+00:00,28,129,129
2026-09-09 03:00:00+00:00,21,156,156
2026-09-09 04:00:00+00:00,24,175,178
2026-09-09 05:00:00+00:00,26,145,143
2026-09-09 06:00:00+00:00,26,159,158
2026-09-09 07:00:00+00:00,22,125,130
2026-09-09 08:00:00+00:00,25,124,124
2026-09-09 09:00:00+00:00,19,254,254
2026-09-09 10:00:00+00:00,23,284,284
2026-09-09 11:00:00+00:00,24,292,292
2026-09-09 12:00:00+00:00,27,266,266
2026-09-09 13:00:00+00:00,18,273,273
2026-09-09 14:00:00+00:00,21,279,279
2026-09-09 15:00:00+00:00,24,266,266
2026-09-09 16:00:00+00:00,23,186,186
2026-09-09 17:00:00+00:00,27,80,81
2026-09-09 18:00:00+00:00,25,92,91
2026-09-09 19:00:00+00:00,103,162,162
2026-09-09 20:00:00+00:00,109,161,161
2026-09-09 21:00:00+00:00,306,430,507
2026-09-09 22:00:00+00:00,928,1216,1467
2026-09-09 23:00:00+00:00,916,1230,1480
2026-09-10 00:00:00+00:00,909,1205,1432
2026-09-10 01:00:00+00:00,900,2159,1365
2026-09-10 02:00:00+00:00,846,1102,1357
2026-09-10 03:00:00+00:00,862,1144,1353
2026-09-10 04:00:00+00:00,849,1193,1436
2026-09-10 05:00:00+00:00,872,1145,1369
2026-09-10 06:00:00+00:00,227,308,372
2026-09-10 07:00:00+00:00,3,6,6
2026-09-10 08:00:00+00:00,23,35,35
2026-09-10 09:00:00+00:00,7,12,12
2026-09-10 10:00:00+00:00,17,24,24
2026-09-10 11:00:00+00:00,25,38,38
2026-09-10 12:00:00+00:00,12,17,17
2026-09-10 13:00:00+00:00,6,11,11
2026-09-10 14:00:00+00:00,8,13,13
2026-09-10 15:00:00+00:00,13,20,20
2026-09-10 16:00:00+00:00,32,50,50
2026-09-10 17:00:00+00:00,22,34,34
2026-09-10 18:00:00+00:00,5,13,13
2026-09-10 19:00:00+00:00,13,22,22
2026-09-10 20:00:00+00:00,8,17,17
2026-09-10 21:00:00+00:00,13,25,25
2026-09-10 22:00:00+00:00,24,30,30
2026-09-10 23:00:00+00:00,0,2,2
2026-09-11 00:00:00+00:00,25,43,43
2026-09-11 01:00:00+00:00,73,1117,119
2026-09-11 02:00:00+00:00,839,1261,1527
2026-09-11 03:00:00+00:00,848,1290,1552
2026-09-11 04:00:00+00:00,859,1324,1563
2026-09-11 05:00:00+00:00,837,1270,1501
2026-09-11 06:00:00+00:00,28,45,45
2026-09-11 07:00:00+00:00,5,11,11
2026-09-11 08:00:00+00:00,6,12,12
2026-09-11 09:00:00+00:00,9,18,18
2026-09-11 10:00:00+00:00,1,2,2
2026-09-11 11:00:00+00:00,5,14,14
2026-09-11 12:00:00+00:00,8,15,15
2026-09-11 13:00:00+00:00,10,15,15
2026-09-11 14:00:00+00:00,14,27,27
2026-09-11 15:00:00+00:00,27,45,45
2026-09-11 17:00:00+00:00,10,15,15
2026-09-11 18:00:00+00:00,4,5,5
2026-09-11 19:00:00+00:00,4,9,9
2026-09-11 20:00:00+00:00,3,6,6
2026-09-11 21:00:00+00:00,30,56,56
2026-09-11 22:00:00+00:00,21,34,34
2026-09-11 23:00:00+00:00,7,10,10
2026-09-12 00:00:00+00:00,25,44,44
2026-09-12 01:00:00+00:00,67,1130,147
2026-09-12 02:00:00+00:00,860,1554,1824
2026-09-12 03:00:00+00:00,870,1598,1861
2026-09-12 04:00:00+00:00,860,1543,1776
2026-09-12 05:00:00+00:00,644,1117,1334
2026-09-12 06:00:00+00:00,9,17,17
2026-09-12 07:00:00+00:00,18,29,29
2026-09-12 08:00:00+00:00,0,1,1
2026-09-12 09:00:00+00:00,2,5,5
2026-09-12 10:00:00+00:00,26,46,46
2026-09-12 11:00:00+00:00,29,43,43
2026-09-12 12:00:00+00:00,13,24,24
2026-09-12 13:00:00+00:00,12,19,19
2026-09-12 14:00:00+00:00,16,27,27
2026-09-12 15:00:00+00:00,22,38,38
2026-09-12 16:00:00+00:00,27,44,44
2026-09-12 17:00:00+00:00,7,13,13
2026-09-12 18:00:00+00:00,16,32,32
2026-09-12 19:00:00+00:00,1,3,3
2026-09-12 20:00:00+00:00,8,15,15
2026-09-12 21:00:00+00:00,13,19,19
2026-09-12 22:00:00+00:00,12,27,27
2026-09-12 23:00:00+00:00,25,46,46
2026-09-13 00:00:00+00:00,31,45,45
2026-09-13 01:00:00+00:00,264,1475,478
2026-09-13 02:00:00+00:00,844,2136,2353
2026-09-13 03:00:00+00:00,808,1964,2152
2026-09-13 04:00:00+00:00,894,2021,2176
2026-09-13 05:00:00+00:00,869,1982,2159
2026-09-13 06:00:00+00:00,876,1985,2171
2026-09-13 07:00:00+00:00,492,1063,1137
2026-09-13 08:00:00+00:00,32,54,54
2026-09-13 09:00:00+00:00,8,12,12
2026-09-13 10:00:00+00:00,4,14,14
2026-09-13 11:00:00+00:00,6,18,18
2026-09-13 12:00:00+00:00,24,40,40
2026-09-13 13:00:00+00:00,5,15,15
2026-09-13 14:00:00+00:00,18,33,33
2026-09-13 15:00:00+00:00,7,13,13
2026-09-13 16:00:00+00:00,15,30,30
2026-09-13 17:00:00+00:00,9,21,21
2026-09-13 18:00:00+00:00,2,4,4
2026-09-13 19:00:00+00:00,9,20,20
2026-09-13 20:00:00+00:00,6,14,14
2026-09-13 21:00:00+00:00,15,42,42
2026-09-13 22:00:00+00:00,4,11,11
2026-09-13 23:00:00+00:00,3,7,7
2026-09-14 01:00:00+00:00,51,1101,113
2026-09-14 02:00:00+00:00,230,664,687
2026-09-14 03:00:00+00:00,140,459,459
2026-09-14 04:00:00+00:00,216,759,768
2026-09-14 05:00:00+00:00,219,593,597
2026-09-14 06:00:00+00:00,219,557,557
2026-09-14 07:00:00+00:00,542,880,878
2026-09-14 08:00:00+00:00,552,875,875
2026-09-14 09:00:00+00:00,501,828,829
2026-09-14 10:00:00+00:00,490,823,825
2026-09-14 11:00:00+00:00,501,833,834
2026-09-14 12:00:00+00:00,518,841,842
2026-09-14 13:00:00+00:00,782,1130,1130
2026-09-14 14:00:00+00:00,789,1145,1145
2026-09-14 15:00:00+00:00,773,1053,1053
2026-09-14 16:00:00+00:00,861,1075,1075
2026-09-14 17:00:00+00:00,817,1007,1007
2026-09-14 18:00:00+00:00,819,1037,1036
2026-09-14 19:00:00+00:00,884,1083,1084
2026-09-14 20:00:00+00:00,927,1129,1129
2026-09-14 21:00:00+00:00,890,1086,1086
2026-09-14 22:00:00+00:00,887,1088,1090
2026-09-14 23:00:00+00:00,871,1080,1079
2026-09-15 00:00:00+00:00,1002,1197,1198
2026-09-15 01:00:00+00:00,800,1048,984
2026-09-15 02:00:00+00:00,182,409,409
2026-09-15 03:00:00+00:00,159,395,395
2026-09-15 04:00:00+00:00,134,367,367
2026-09-15 05:00:00+00:00,193,427,427
2026-09-15 06:00:00+00:00,367,552,553
2026-09-15 07:00:00+00:00,453,607,606
2026-09-15 08:00:00+00:00,446,608,609
2026-09-15 09:00:00+00:00,416,569,570
2026-09-15 10:00:00+00:00,257,450,450
2026-09-15 11:00:00+00:00,244,346,346
2026-09-15 12:00:00+00:00,225,339,339
2026-09-15 13:00:00+00:00,225,322,322
2026-09-15 14:00:00+00:00,206,310,310
2026-09-15 15:00:00+00:00,387,507,508
2026-09-15 16:00:00+00:00,376,483,483
2026-09-15 17:00:00+00:00,88,127,127
