hour,events
2026-08-26 04:00:00+00:00,1
2026-08-26 05:00:00+00:00,1
2026-08-26 06:00:00+00:00,2
2026-08-26 07:00:00+00:00,19
2026-08-26 08:00:00+00:00,1174
2026-08-26 09:00:00+00:00,1565
2026-08-26 10:00:00+00:00,1940
2026-08-26 11:00:00+00:00,1858
2026-08-26 12:00:00+00:00,1464
2026-08-26 13:00:00+00:00,597
2026-08-26 14:00:00+00:00,564
2026-08-26 15:00:00+00:00,616
2026-08-26 16:00:00+00:00,628
2026-08-26 17:00:00+00:00,292
2026-08-26 18:00:00+00:00,181
2026-08-26 19:00:00+00:00,203
2026-08-26 20:00:00+00:00,193
2026-08-26 21:00:00+00:00,199
2026-08-26 22:00:00+00:00,181
2026-08-26 23:00:00+00:00,171
2026-08-27 00:00:00+00:00,179
2026-08-27 01:00:00+00:00,179
2026-08-27 02:00:00+00:00,206
2026-08-27 03:00:00+00:00,201
2026-08-27 04:00:00+00:00,209
2026-08-27 05:00:00+00:00,170
2026-08-27 06:00:00+00:00,104
2026-08-27 07:00:00+00:00,3856
2026-08-27 08:00:00+00:00,182
2026-08-27 09:00:00+00:00,140
2026-08-27 10:00:00+00:00,108
2026-08-27 11:00:00+00:00,116
2026-08-27 12:00:00+00:00,550
2026-08-27 13:00:00+00:00,1466
2026-08-27 14:00:00+00:00,1445
2026-08-27 15:00:00+00:00,1498
2026-08-27 16:00:00+00:00,1437
2026-08-27 17:00:00+00:00,1355
2026-08-27 18:00:00+00:00,1350
2026-08-27 19:00:00+00:00,1399
2026-08-27 20:00:00+00:00,1460
2026-08-27 21:00:00+00:00,1459
2026-08-27 22:00:00+00:00,1403
2026-08-27 23:00:00+00:00,1454
2026-08-28 00:00:00+00:00,1448
2026-08-28 01:00:00+00:00,1383
2026-08-28 02:00:00+00:00,1472
2026-08-28 03:00:00+00:00,1488
2026-08-28 04:00:00+00:00,1553
2026-08-28 05:00:00+00:00,1496
2026-08-28 06:00:00+00:00,1518
2026-08-28 07:00:00+00:00,1740
2026-08-28 08:00:00+00:00,1336
2026-08-28 09:00:00+00:00,226
2026-08-28 10:00:00+00:00,238
2026-08-28 11:00:00+00:00,235
2026-08-28 12:00:00+00:00,229
2026-08-28 13:00:00+00:00,292
2026-08-28 14:00:00+00:00,192
2026-08-28 15:00:00+00:00,142
2026-08-28 16:00:00+00:00,93
2026-08-28 17:00:00+00:00,77
2026-08-28 18:00:00+00:00,63
2026-08-28 19:00:00+00:00,57
2026-08-28 20:00:00+00:00,992
2026-08-28 21:00:00+00:00,447
2026-08-28 22:00:00+00:00,883
2026-08-28 23:00:00+00:00,162
2026-08-29 00:00:00+00:00,160
2026-08-29 01:00:00+00:00,132
2026-08-29 02:00:00+00:00,141
2026-08-29 03:00:00+00:00,129
2026-08-29 04:00:00+00:00,77
2026-08-29 05:00:00+00:00,74
2026-08-29 06:00:00+00:00,28
2026-08-29 07:00:00+00:00,43
2026-08-29 08:00:00+00:00,53
2026-08-29 09:00:00+00:00,49
2026-08-29 10:00:00+00:00,67
2026-08-29 11:00:00+00:00,81
2026-08-29 12:00:00+00:00,85
2026-08-29 13:00:00+00:00,115
2026-08-29 14:00:00+00:00,88
2026-08-29 15:00:00+00:00,138
2026-08-29 16:00:00+00:00,264
2026-08-29 17:00:00+00:00,187
2026-08-29 18:00:00+00:00,299
2026-08-29 19:00:00+00:00,245
2026-08-29 20:00:00+00:00,255
2026-08-29 21:00:00+00:00,254
2026-08-29 22:00:00+00:00,253
2026-08-29 23:00:00+00:00,252
2026-08-30 00:00:00+00:00,286
2026-08-30 01:00:00+00:00,262
2026-08-30 02:00:00+00:00,274
2026-08-30 03:00:00+00:00,293
2026-08-30 04:00:00+00:00,292
2026-08-30 05:00:00+00:00,284
2026-08-30 06:00:00+00:00,168
2026-08-30 07:00:00+00:00,108
2026-08-30 08:00:00+00:00,1816
2026-08-30 09:00:00+00:00,36
2026-08-30 10:00:00+00:00,36
2026-08-30 11:00:00+00:00,65
2026-08-30 12:00:00+00:00,98
2026-08-30 13:00:00+00:00,108
2026-08-30 14:00:00+00:00,299
2026-08-30 15:00:00+00:00,290
2026-08-30 16:00:00+00:00,276
2026-08-30 17:00:00+00:00,339
2026-08-30 18:00:00+00:00,330
2026-08-30 19:00:00+00:00,382
2026-08-30 20:00:00+00:00,424
2026-08-30 21:00:00+00:00,444
2026-08-30 22:00:00+00:00,446
2026-08-30 23:00:00+00:00,441
2026-08-31 00:00:00+00:00,443
2026-08-31 01:00:00+00:00,410
2026-08-31 02:00:00+00:00,447
2026-08-31 03:00:00+00:00,430
2026-08-31 04:00:00+00:00,342
2026-08-31 05:00:00+00:00,326
2026-08-31 06:00:00+00:00,330
2026-08-31 07:00:00+00:00,230
2026-08-31 08:00:00+00:00,45
2026-08-31 09:00:00+00:00,51
2026-08-31 10:00:00+00:00,51
2026-08-31 11:00:00+00:00,59
2026-08-31 12:00:00+00:00,63
2026-08-31 13:00:00+00:00,92
2026-08-31 14:00:00+00:00,125
2026-08-31 15:00:00+00:00,121
2026-08-31 16:00:00+00:00,138
2026-08-31 17:00:00+00:00,108
2026-08-31 18:00:00+00:00,98
2026-08-31 19:00:00+00:00,136
2026-08-31 20:00:00+00:00,107
2026-08-31 21:00:00+00:00,102
2026-08-31 22:00:00+00:00,99
2026-08-31 23:00:00+00:00,101
2026-09-01 00:00:00+00:00,105
2026-09-01 01:00:00+00:00,105
2026-09-01 02:00:00+00:00,109
2026-09-01 03:00:00+00:00,116
2026-09-01 04:00:00+00:00,122
2026-09-01 05:00:00+00:00,114
2026-09-01 06:00:00+00:00,92
2026-09-01 07:00:00+00:00,35
2026-09-01 08:00:00+00:00,99
2026-09-01 09:00:00+00:00,752
2026-09-01 10:00:00+00:00,828
2026-09-01 11:00:00+00:00,877
2026-09-01 12:00:00+00:00,890
2026-09-01 13:00:00+00:00,879
2026-09-01 14:00:00+00:00,926
2026-09-01 15:00:00+00:00,852
2026-09-01 16:00:00+00:00,838
2026-09-01 17:00:00+00:00,855
2026-09-01 18:00:00+00:00,869
2026-09-01 19:00:00+00:00,874
2026-09-01 20:00:00+00:00,1019
2026-09-01 21:00:00+00:00,986
2026-09-01 22:00:00+00:00,84794
2026-09-01 23:00:00+00:00,949
2026-09-02 00:00:00+00:00,947
2026-09-02 01:00:00+00:00,891
2026-09-02 02:00:00+00:00,994
2026-09-02 03:00:00+00:00,946
2026-09-02 04:00:00+00:00,954
2026-09-02 05:00:00+00:00,966
2026-09-02 06:00:00+00:00,899
2026-09-02 07:00:00+00:00,743
2026-09-02 08:00:00+00:00,172
2026-09-02 09:00:00+00:00,152
2026-09-02 10:00:00+00:00,152
2026-09-02 11:00:00+00:00,156
2026-09-02 12:00:00+00:00,149
2026-09-02 13:00:00+00:00,98
2026-09-02 14:00:00+00:00,77
2026-09-02 15:00:00+00:00,87
2026-09-02 16:00:00+00:00,127
2026-09-02 17:00:00+00:00,117
2026-09-02 18:00:00+00:00,125
2026-09-02 19:00:00+00:00,130
2026-09-02 20:00:00+00:00,127
2026-09-02 21:00:00+00:00,147
2026-09-02 22:00:00+00:00,149
2026-09-02 23:00:00+00:00,174
2026-09-03 00:00:00+00:00,196
2026-09-03 01:00:00+00:00,164
2026-09-03 02:00:00+00:00,171
2026-09-03 03:00:00+00:00,163
2026-09-03 04:00:00+00:00,157
2026-09-03 05:00:00+00:00,165
2026-09-03 06:00:00+00:00,151
2026-09-03 07:00:00+00:00,111
2026-09-03 08:00:00+00:00,116
2026-09-03 09:00:00+00:00,124
2026-09-03 10:00:00+00:00,98
2026-09-03 11:00:00+00:00,112
2026-09-03 12:00:00+00:00,84
2026-09-03 13:00:00+00:00,156
2026-09-03 14:00:00+00:00,260
2026-09-03 15:00:00+00:00,267
2026-09-03 16:00:00+00:00,366
2026-09-03 17:00:00+00:00,242
2026-09-03 18:00:00+00:00,261
2026-09-03 19:00:00+00:00,253
2026-09-03 20:00:00+00:00,220
2026-09-03 21:00:00+00:00,195
2026-09-03 22:00:00+00:00,100
2026-09-03 23:00:00+00:00,76
2026-09-04 00:00:00+00:00,83
2026-09-04 01:00:00+00:00,79
2026-09-04 02:00:00+00:00,81
2026-09-04 03:00:00+00:00,207
2026-09-04 04:00:00+00:00,89
2026-09-04 05:00:00+00:00,49
2026-09-04 06:00:00+00:00,46
2026-09-04 07:00:00+00:00,98
2026-09-04 08:00:00+00:00,107
2026-09-04 09:00:00+00:00,53
2026-09-04 10:00:00+00:00,50
2026-09-04 11:00:00+00:00,53
2026-09-04 12:00:00+00:00,42
2026-09-04 13:00:00+00:00,74
2026-09-04 14:00:00+00:00,24
2026-09-04 15:00:00+00:00,32
2026-09-04 16:00:00+00:00,67
2026-09-04 17:00:00+00:00,43
2026-09-04 18:00:00+00:00,55
2026-09-04 19:00:00+00:00,113
2026-09-04 20:00:00+00:00,132
2026-09-04 21:00:00+00:00,120
2026-09-04 22:00:00+00:00,83
2026-09-04 23:00:00+00:00,45
2026-09-05 00:00:00+00:00,45
2026-09-05 01:00:00+00:00,48
2026-09-05 02:00:00+00:00,86
2026-09-05 03:00:00+00:00,48
2026-09-05 04:00:00+00:00,59
2026-09-05 05:00:00+00:00,59
2026-09-05 06:00:00+00:00,90
2026-09-05 07:00:00+00:00,102
2026-09-05 08:00:00+00:00,100
2026-09-05 09:00:00+00:00,97
2026-09-05 10:00:00+00:00,118
2026-09-05 11:00:00+00:00,120
2026-09-05 12:00:00+00:00,98
2026-09-05 13:00:00+00:00,92
2026-09-05 14:00:00+00:00,122
2026-09-05 15:00:00+00:00,106
2026-09-05 16:00:00+00:00,118
2026-09-05 17:00:00+00:00,105
2026-09-05 18:00:00+00:00,108
2026-09-05 19:00:00+00:00,108
2026-09-05 20:00:00+00:00,108
2026-09-05 21:00:00+00:00,143
2026-09-05 22:00:00+00:00,87
2026-09-05 23:00:00+00:00,67
2026-09-06 00:00:00+00:00,107
2026-09-06 01:00:00+00:00,122
2026-09-06 02:00:00+00:00,87
2026-09-06 03:00:00+00:00,73
2026-09-06 04:00:00+00:00,128
2026-09-06 05:00:00+00:00,129
2026-09-06 06:00:00+00:00,123
2026-09-06 07:00:00+00:00,201
2026-09-06 08:00:00+00:00,848
2026-09-06 09:00:00+00:00,292
2026-09-06 10:00:00+00:00,453
2026-09-06 11:00:00+00:00,478
2026-09-06 12:00:00+00:00,519
2026-09-06 13:00:00+00:00,499
2026-09-06 14:00:00+00:00,556
2026-09-06 15:00:00+00:00,593
2026-09-06 16:00:00+00:00,597
2026-09-06 17:00:00+00:00,629
2026-09-06 18:00:00+00:00,695
2026-09-06 19:00:00+00:00,707
2026-09-06 20:00:00+00:00,704
2026-09-06 21:00:00+00:00,709
2026-09-06 22:00:00+00:00,744
2026-09-06 23:00:00+00:00,817
2026-09-07 00:00:00+00:00,938
2026-09-07 01:00:00+00:00,949
2026-09-07 02:00:00+00:00,987
2026-09-07 03:00:00+00:00,93234
2026-09-07 04:00:00+00:00,948
2026-09-07 05:00:00+00:00,941
2026-09-07 06:00:00+00:00,910
2026-09-07 07:00:00+00:00,992
2026-09-07 08:00:00+00:00,962
2026-09-07 09:00:00+00:00,506
2026-09-07 10:00:00+00:00,140
2026-09-07 11:00:00+00:00,120
2026-09-07 12:00:00+00:00,164
2026-09-07 13:00:00+00:00,242
2026-09-07 14:00:00+00:00,238
2026-09-07 15:00:00+00:00,249
2026-09-07 16:00:00+00:00,240
2026-09-07 17:00:00+00:00,241
2026-09-07 18:00:00+00:00,242
2026-09-07 19:00:00+00:00,259
2026-09-07 20:00:00+00:00,398
2026-09-07 21:00:00+00:00,376
2026-09-07 22:00:00+00:00,372
2026-09-07 23:00:00+00:00,382
2026-09-08 00:00:00+00:00,384
2026-09-08 01:00:00+00:00,373
2026-09-08 02:00:00+00:00,380
2026-09-08 03:00:00+00:00,376
2026-09-08 04:00:00+00:00,369
2026-09-08 05:00:00+00:00,372
2026-09-08 06:00:00+00:00,332
2026-09-08 07:00:00+00:00,336
2026-09-08 08:00:00+00:00,361
2026-09-08 09:00:00+00:00,359
2026-09-08 10:00:00+00:00,361
2026-09-08 11:00:00+00:00,405
2026-09-08 12:00:00+00:00,360
2026-09-08 13:00:00+00:00,378
2026-09-08 14:00:00+00:00,321
2026-09-08 15:00:00+00:00,364
2026-09-08 16:00:00+00:00,365
2026-09-08 17:00:00+00:00,267
2026-09-08 18:00:00+00:00,273
2026-09-08 19:00:00+00:00,414
2026-09-08 20:00:00+00:00,478
2026-09-08 21:00:00+00:00,486
2026-09-08 22:00:00+00:00,491
2026-09-08 23:00:00+00:00,488
2026-09-09 00:00:00+00:00,523
2026-09-09 01:00:00+00:00,473
2026-09-09 02:00:00+00:00,509
2026-09-09 03:00:00+00:00,508
2026-09-09 04:00:00+00:00,494
2026-09-09 05:00:00+00:00,490
2026-09-09 06:00:00+00:00,481
2026-09-09 07:00:00+00:00,480
2026-09-09 08:00:00+00:00,511
2026-09-09 09:00:00+00:00,501
2026-09-09 10:00:00+00:00,341
2026-09-09 11:00:00+00:00,429
2026-09-09 12:00:00+00:00,348
2026-09-09 13:00:00+00:00,384
2026-09-09 14:00:00+00:00,475
2026-09-09 15:00:00+00:00,477
2026-09-09 16:00:00+00:00,504
2026-09-09 17:00:00+00:00,354
2026-09-09 18:00:00+00:00,314
2026-09-09 19:00:00+00:00,400
2026-09-09 20:00:00+00:00,422
2026-09-09 21:00:00+00:00,445
2026-09-09 22:00:00+00:00,292
2026-09-09 23:00:00+00:00,285
2026-09-10 00:00:00+00:00,285
2026-09-10 01:00:00+00:00,214
2026-09-10 02:00:00+00:00,220
2026-09-10 03:00:00+00:00,264
2026-09-10 04:00:00+00:00,222
2026-09-10 05:00:00+00:00,217
2026-09-10 06:00:00+00:00,206
2026-09-10 07:00:00+00:00,203
2026-09-10 08:00:00+00:00,192
2026-09-10 09:00:00+00:00,257
2026-09-10 10:00:00+00:00,304
2026-09-10 11:00:00+00:00,292
2026-09-10 12:00:00+00:00,323
2026-09-10 13:00:00+00:00,3969
2026-09-10 14:00:00+00:00,5085
2026-09-10 15:00:00+00:00,8071
2026-09-10 16:00:00+00:00,8187
2026-09-10 17:00:00+00:00,8051
2026-09-10 18:00:00+00:00,8056
2026-09-10 19:00:00+00:00,1749
2026-09-10 20:00:00+00:00,8351
2026-09-10 21:00:00+00:00,8378
2026-09-10 22:00:00+00:00,7187
2026-09-10 23:00:00+00:00,191
2026-09-11 00:00:00+00:00,191
2026-09-11 01:00:00+00:00,177
2026-09-11 02:00:00+00:00,185
2026-09-11 03:00:00+00:00,180
2026-09-11 04:00:00+00:00,234
2026-09-11 05:00:00+00:00,216
2026-09-11 06:00:00+00:00,199
2026-09-11 07:00:00+00:00,249
2026-09-11 08:00:00+00:00,259
2026-09-11 09:00:00+00:00,206
2026-09-11 10:00:00+00:00,199
2026-09-11 11:00:00+00:00,227
2026-09-11 12:00:00+00:00,322
2026-09-11 13:00:00+00:00,426
2026-09-11 14:00:00+00:00,531
2026-09-11 15:00:00+00:00,457
2026-09-11 16:00:00+00:00,390
2026-09-11 17:00:00+00:00,448
2026-09-11 18:00:00+00:00,447
2026-09-11 19:00:00+00:00,402
2026-09-11 20:00:00+00:00,600
2026-09-11 21:00:00+00:00,1061
2026-09-11 22:00:00+00:00,753
2026-09-11 23:00:00+00:00,423
2026-09-12 00:00:00+00:00,376
2026-09-12 01:00:00+00:00,346
2026-09-12 02:00:00+00:00,340
2026-09-12 03:00:00+00:00,342
2026-09-12 04:00:00+00:00,287
2026-09-12 05:00:00+00:00,272
2026-09-12 06:00:00+00:00,252
2026-09-12 07:00:00+00:00,261
2026-09-12 08:00:00+00:00,262
2026-09-12 09:00:00+00:00,282
2026-09-12 10:00:00+00:00,12230
2026-09-12 11:00:00+00:00,72342
2026-09-12 12:00:00+00:00,517
2026-09-12 13:00:00+00:00,534
2026-09-12 14:00:00+00:00,548
2026-09-12 15:00:00+00:00,563
2026-09-12 16:00:00+00:00,521
2026-09-12 17:00:00+00:00,522
2026-09-12 18:00:00+00:00,503
2026-09-12 19:00:00+00:00,845
2026-09-12 20:00:00+00:00,675
2026-09-12 21:00:00+00:00,651
2026-09-12 22:00:00+00:00,696
2026-09-12 23:00:00+00:00,656
2026-09-13 00:00:00+00:00,681
2026-09-13 01:00:00+00:00,686
2026-09-13 02:00:00+00:00,749
2026-09-13 03:00:00+00:00,717
2026-09-13 04:00:00+00:00,619
2026-09-13 05:00:00+00:00,524
2026-09-13 06:00:00+00:00,525
2026-09-13 07:00:00+00:00,495
2026-09-13 08:00:00+00:00,491
2026-09-13 09:00:00+00:00,495
2026-09-13 10:00:00+00:00,508
2026-09-13 11:00:00+00:00,1675
2026-09-13 12:00:00+00:00,462
2026-09-13 13:00:00+00:00,350
2026-09-13 14:00:00+00:00,337
2026-09-13 15:00:00+00:00,294
2026-09-13 16:00:00+00:00,321
2026-09-13 17:00:00+00:00,378
2026-09-13 18:00:00+00:00,407
2026-09-13 19:00:00+00:00,373
2026-09-13 20:00:00+00:00,390
2026-09-13 21:00:00+00:00,390
2026-09-13 22:00:00+00:00,401
2026-09-13 23:00:00+00:00,392
2026-09-14 00:00:00+00:00,452
2026-09-14 01:00:00+00:00,465
2026-09-14 02:00:00+00:00,537
2026-09-14 03:00:00+00:00,545
2026-09-14 04:00:00+00:00,531
2026-09-14 05:00:00+00:00,477
2026-09-14 06:00:00+00:00,403
2026-09-14 07:00:00+00:00,401
2026-09-14 08:00:00+00:00,414
2026-09-14 09:00:00+00:00,417
2026-09-14 10:00:00+00:00,424
2026-09-14 11:00:00+00:00,530
2026-09-14 12:00:00+00:00,443
2026-09-14 13:00:00+00:00,441
2026-09-14 14:00:00+00:00,448
2026-09-14 15:00:00+00:00,427
2026-09-14 16:00:00+00:00,397
2026-09-14 17:00:00+00:00,402
2026-09-14 18:00:00+00:00,415
2026-09-14 19:00:00+00:00,778
2026-09-14 20:00:00+00:00,847
2026-09-14 21:00:00+00:00,801
2026-09-14 22:00:00+00:00,763
2026-09-14 23:00:00+00:00,762
2026-09-15 00:00:00+00:00,763
2026-09-15 01:00:00+00:00,723
2026-09-15 02:00:00+00:00,762
2026-09-15 03:00:00+00:00,762
2026-09-15 04:00:00+00:00,744
2026-09-15 05:00:00+00:00,726
2026-09-15 06:00:00+00:00,719
2026-09-15 07:00:00+00:00,529
2026-09-15 08:00:00+00:00,342
2026-09-15 09:00:00+00:00,310
2026-09-15 10:00:00+00:00,302
2026-09-15 11:00:00+00:00,256
2026-09-15 12:00:00+00:00,348
2026-09-15 13:00:00+00:00,566
2026-09-15 14:00:00+00:00,577
2026-09-15 15:00:00+00:00,487
2026-09-15 16:00:00+00:00,762
2026-09-15 17:00:00+00:00,509
