signature,count,unique_src,sig_id,severity,category
SURICATA AF-PACKET truncated packet,122179,0,2200122,3,Generic Protocol Command Decode
SURICATA IPv4 truncated packet,122179,0,2200003,3,Generic Protocol Command Decode
SURICATA RFB Unexpected State in Parser,56243,57,2233003,3,Generic Protocol Command Decode
SURICATA STREAM Packet with broken ack,47935,2437,2210051,3,Generic Protocol Command Decode
SURICATA STREAM spurious retransmission,37437,2338,2210061,3,Generic Protocol Command Decode
SURICATA STREAM CLOSEWAIT FIN out of window,18330,307,2210016,3,Generic Protocol Command Decode
SURICATA STREAM FIN recv but no session,17808,93,2210037,3,Generic Protocol Command Decode
SURICATA HTTP Response excessive header repetition,11902,1,2221036,3,Generic Protocol Command Decode
ET INFO SSH session in progress on Expected Port,8204,1126,2001978,3,Misc activity
ET INFO Potentially unsafe SMBv1 protocol in use,8203,560,2023997,3,Not Suspicious Traffic
SURICATA STREAM reassembly sequence GAP -- missing packet(s),8031,16,2210048,3,Generic Protocol Command Decode
SURICATA STREAM Packet with invalid timestamp,7757,81,2210044,3,Generic Protocol Command Decode
SURICATA Applayer Detect protocol only one direction,6100,1429,2260002,3,Generic Protocol Command Decode
SURICATA SSH invalid banner,4656,80,2228000,3,Generic Protocol Command Decode
SURICATA Applayer Mismatch protocol both directions,3191,843,2260000,3,Generic Protocol Command Decode
ET INFO SSH session in progress on Unusual Port,2927,1277,2001984,3,Misc activity
SURICATA Applayer Wrong direction first Data,2862,541,2260001,3,Generic Protocol Command Decode
SURICATA TLS invalid record type,2329,488,2230002,3,Generic Protocol Command Decode
SURICATA STREAM RST recv but no session,1497,69,2210041,3,Generic Protocol Command Decode
ET SCAN Zmap User-Agent (Inbound),1444,825,2029054,3,Detection of a Network Scan
SURICATA HTTP Request excessive header repetition,1036,333,2221035,3,Generic Protocol Command Decode
SURICATA HTTP unable to match response to request,877,1,2221010,3,Generic Protocol Command Decode
GPL ICMP Destination Unreachable Communication with Destination Host is Administratively Prohibited,832,44,2100486,3,Misc activity
SURICATA STREAM 3way handshake excessive different SYN/ACKs,722,1,2210055,3,Generic Protocol Command Decode
SURICATA STREAM ESTABLISHED SYN resend with different seq,638,139,2210027,3,Generic Protocol Command Decode
SURICATA STREAM 3way handshake SYN resend different seq on SYN recv,608,37,2210008,3,Generic Protocol Command Decode
GPL VOIP SIP INVITE message flooding,453,1,2100158,2,Attempted Denial of Service
SURICATA STREAM 3way handshake right seq wrong ack evasion,210,13,2210002,3,Generic Protocol Command Decode
SURICATA STREAM Packet with invalid ack,164,16,2210045,3,Generic Protocol Command Decode
GPL ICMP Destination Unreachable Communication Administratively Prohibited,151,10,2100485,3,Misc activity
SURICATA STREAM 3way handshake wrong seq wrong ack,138,11,2210010,3,Generic Protocol Command Decode
SURICATA SMB malformed request dialects,123,52,2225005,3,Generic Protocol Command Decode
SURICATA SMTP no server welcome message,108,1,2220006,3,Generic Protocol Command Decode
SURICATA HTTP missing Host header,107,94,2221014,3,Generic Protocol Command Decode
SURICATA STREAM SHUTDOWN RST invalid ack,101,5,2210046,3,Generic Protocol Command Decode
SURICATA STREAM ESTABLISHED SYNACK resend,97,1,2210022,3,Generic Protocol Command Decode
SURICATA STREAM FIN out of window,83,27,2210038,3,Generic Protocol Command Decode
SURICATA HTTP Request line incomplete,71,27,2221042,3,Generic Protocol Command Decode
SURICATA HTTP Unexpected Request body,67,29,2221045,3,Generic Protocol Command Decode
SURICATA STREAM SYN resend,65,15,2210049,3,Generic Protocol Command Decode
SURICATA HTTP Host part of URI is invalid,62,56,2221027,3,Generic Protocol Command Decode
ET INFO Cisco Smart Install Protocol Observed,61,58,2025519,3,Misc activity
ET SCADA IEC-104 TESTFR (Test Frame) Confirmation,54,1,2046159,3,Generic Protocol Command Decode
SURICATA MQTT malformed traffic,51,9,2229010,3,Generic Protocol Command Decode
SURICATA HTTP request missing protocol,50,19,2221055,3,Generic Protocol Command Decode
SURICATA STREAM excessive retransmissions,48,10,2210054,3,Generic Protocol Command Decode
SURICATA STREAM reassembly depth reached,48,15,2210062,3,Generic Protocol Command Decode
"ET EXPLOIT Possible CVE-2020-11910 anomalous ICMPv4 type 3,code 4 Path MTU Discovery",48,2,2030390,1,Attempted Administrator Privilege Gain
SURICATA STREAM ESTABLISHED ack for ZWP data,43,7,2210065,3,Generic Protocol Command Decode
SURICATA STREAM ESTABLISHED invalid ack,43,7,2210029,3,Generic Protocol Command Decode
ET SCADA IEC-104 STARTDT (Start Data Transfer) Confirmation,43,1,2046161,3,Generic Protocol Command Decode
SURICATA STREAM 3way handshake SYNACK to server on SYN recv,43,6,2210006,3,Generic Protocol Command Decode
SURICATA TLS invalid SNI length,42,6,2230018,3,Generic Protocol Command Decode
SURICATA HTTP Request unrecognized authorization method,39,15,2221034,3,Generic Protocol Command Decode
ET REMOTE_ACCESS Inbound RDP Connection with Minimal Security Protocol Requested,30,12,2027413,2,Potentially Bad Traffic
SURICATA STREAM reassembly overlap with different data,30,6,2210050,3,Generic Protocol Command Decode
SURICATA HTTP request field missing colon,28,18,2221002,3,Generic Protocol Command Decode
SURICATA STREAM FIN1 invalid ack,28,4,2210033,3,Generic Protocol Command Decode
SURICATA STREAM ESTABLISHED SYNACK resend with different ACK,27,1,2210023,3,Generic Protocol Command Decode
SURICATA STREAM 3way handshake SYNACK resend with different ack,27,1,2210004,3,Generic Protocol Command Decode
ET SCAN Mirai Variant User-Agent (Inbound),27,27,2029022,1,Attempted Administrator Privilege Gain
SURICATA HTTP2 too long frame data,26,24,2290006,3,Generic Protocol Command Decode
SURICATA SMB file overlap,20,2,2225006,3,Generic Protocol Command Decode
ET REMOTE_ACCESS Inbound RDP Connection with TLS Security Protocol Requested,19,14,2027412,2,Potentially Bad Traffic
SURICATA IKE invalid proposal,17,16,2224009,3,Generic Protocol Command Decode
SURICATA TLS invalid record version,16,9,2230015,3,Generic Protocol Command Decode
SURICATA HTTP METHOD terminated by non-compliant character,15,9,2221030,3,Generic Protocol Command Decode
SURICATA STREAM ESTABLISHED packet out of window,14,2,2210020,3,Generic Protocol Command Decode
SURICATA TLS handshake invalid length,14,6,2230019,3,Generic Protocol Command Decode
SURICATA STREAM FIN1 FIN with wrong seq,11,2,2210032,3,Generic Protocol Command Decode
SURICATA STREAM FIN invalid ack,11,5,2210030,3,Generic Protocol Command Decode
SURICATA HTTP URI terminated by non-compliant character,11,10,2221029,3,Generic Protocol Command Decode
GPL ATTACK_RESPONSE id check returned root,11,1,2100498,2,Potentially Bad Traffic
SURICATA STREAM suspected RST injection,10,1,2210058,3,Generic Protocol Command Decode
SURICATA STREAM 3way handshake excessive different SYNs,9,2,2210063,3,Generic Protocol Command Decode
SURICATA STREAM FIN2 invalid ack,9,3,2210036,3,Generic Protocol Command Decode
SURICATA STREAM TIMEWAIT ACK with wrong seq,9,6,2210042,3,Generic Protocol Command Decode
SURICATA STREAM FIN2 FIN with wrong seq,8,3,2210035,3,Generic Protocol Command Decode
SURICATA QUIC error on data,8,8,2231001,3,Generic Protocol Command Decode
SURICATA HTTP Host header ambiguous,8,3,2221015,3,Generic Protocol Command Decode
SURICATA MQTT PUBLISH not seen before PUBACK/PUBREL/PUBREC/PUBCOMP,6,1,2229001,3,Generic Protocol Command Decode
SURICATA MQTT message seen before CONNECT/CONNACK completion,6,2,2229005,3,Generic Protocol Command Decode
ET SCAN RDP Connection Attempt from Nmap,6,4,2036252,3,Detection of a Network Scan
SURICATA MQTT duplicate CONNECT,6,2,2229004,3,Generic Protocol Command Decode
SURICATA HTTP Host header invalid,5,2,2221028,3,Generic Protocol Command Decode
ET EXPLOIT Linksys E-Series Device RCE Attempt Outbound,4,3,2027153,1,Attempted Administrator Privilege Gain
SURICATA HTTP request header invalid,4,4,2221013,3,Generic Protocol Command Decode
ET SCAN JAWS Webserver Unauthenticated Shell Command Execution,3,3,2030093,1,Web Application Attack
ET SCAN Potential SSH Scan OUTBOUND,2,1,2003068,2,Attempted Information Leak
ET EXPLOIT F5 TMUI RCE vulnerability CVE-2020-5902 Attempt M1,2,1,2030469,1,Attempted Administrator Privilege Gain
SURICATA STREAM ESTABLISHED SYNACK to server,2,1,2210025,3,Generic Protocol Command Decode
ET CHAT IRC USER command,1,1,2002023,3,Misc activity
GPL ICMP Destination Unreachable Port Unreachable,1,1,2100402,3,Misc activity
SURICATA Applayer Protocol detection skipped,1,1,2260003,3,Generic Protocol Command Decode
ET SCADA IEC-104 STOPDT (Stop Data Transfer) Confirmation,1,1,2046163,3,Generic Protocol Command Decode
ET CHAT IRC NICK command,1,1,2002024,3,Misc activity
SURICATA MQTT unassigned message type (0 or >15),1,1,2229008,3,Generic Protocol Command Decode
SURICATA MQTT invalid QOS level,1,1,2229006,3,Generic Protocol Command Decode
SURICATA MQTT CONNECT not seen before CONNACK,1,1,2229000,3,Generic Protocol Command Decode
SURICATA STREAM ESTABLISHED SYNACK resend with different seq,1,1,2210024,3,Generic Protocol Command Decode
